answer_id,attempt_id,new_points,new_reasoning
82ee2f80-ab77-49b8-9c6a-fb9e8b9e0bb2,03f387d0-701f-4fe7-9681-f0f8721f059f,1,"[minimal] The definition is vague ('measurement of a dataset, depending on what to observe') and doesn't clearly express that a unit of observation is what one row represents. The example only names one unit (individual students) rather than showing how the same dataset could support two different units of observation, which was the core requirement. This fits the 'minimal' tier."
9cf98510-1f48-4d39-9f54-956aebcb1101,03f387d0-701f-4fe7-9681-f0f8721f059f,2,"[partial-low] The student gestures at the feedback mechanism — that the bank keeps lending to previously-approved customers and the data accumulates toward them — but doesn't clearly explain that rejected applicants generate no outcomes and drop from training, nor does it articulate the compounding consequence (the model becomes blinder to the rejected group over time). The answer is vague about the mechanism and lacks elaboration, fitting the partial-low tier."
58d8ef0f-fba1-4461-b4dd-136bf6d79215,03f387d0-701f-4fe7-9681-f0f8721f059f,4,"[full] The student clearly captures the core insight that conclusions depend on what variables are included and how the data is grouped. They also explicitly unify all three phenomena by noting that aggregating, disaggregating, or adding a condition can reverse the result — recognizing them as facets of one operation. This meets the full-credit criteria in plain language."
5fe877c2-2611-41c8-9d10-713137ed8159,03f387d0-701f-4fe7-9681-f0f8721f059f,3,"[partial] The student correctly identifies that the gender effect is absorbed/explained by training attendance (confounding) and that promotion differences are explained by training participation rather than gender itself. However, they don't take the next step to note that this shifts the diagnosis — the bias may still exist upstream in what drives attendance differences, and the remedy is no longer at the promotion decision. This matches the 'partial' tier: strong on the mechanism but missing the diagnostic/remedy shift."
a467e770-6bdd-492a-a76e-a04f9c5eb36f,03f387d0-701f-4fe7-9681-f0f8721f059f,3,"[partial] The student correctly defines bias (systematic error from wrong specification/missing variables) and variance (overfitting/sensitivity across samples), and explains why they aren't interchangeable. They provide a fix for bias (adding the right control variables) but do not provide a fix for variance (e.g., regularization, more data, simpler model). Per the rubric, definitions correct but only one fix given = partial (3 pts)."
5741ddff-f0c5-4b4a-9b29-972d7b26bc88,03f387d0-701f-4fe7-9681-f0f8721f059f,4,"[full] The student identifies memorization vs. generalization (overfitting) as the reason perfect training fit isn't enough, and explicitly connects the train/test split to checking whether the model learned the true underlying pattern or just memorized. Both rubric components for full credit are present."
5ba6db6b-c4f0-440d-a61d-6ca0a97975ae,03f387d0-701f-4fe7-9681-f0f8721f059f,4,"[full] The student clearly states the conceptual point that residuals capture what the model couldn't explain and may represent a hidden variable of interest. They provide the auction example with celebrity appeal/brand value, which is the canonical example demonstrating 'constructing an unmeasurable from observed patterns.' Both rubric components are satisfied."
96bedad4-17e8-4550-b86b-d88627cf092c,03f387d0-701f-4fe7-9681-f0f8721f059f,4,"[full] The student correctly frames high recall as needed when missing a true positive is costly (COVID detection is a solid example, parallel to cancer screening) and high precision as needed when false positives are costly. The churn example is reasonable — sending expensive retention offers to people who won't actually churn wastes money, which is a valid cost-of-false-positive case. Minor wording slip ('missing a FP') but the example makes the intent clear. Both sides have framing and a concrete example."
6d51f1c9-c1c5-4523-b323-669b7f4f9fd6,03f387d0-701f-4fe7-9681-f0f8721f059f,4,"[full] The student identifies the mechanism (more features make every customer unique, points become far from each other) and correctly names the curse of dimensionality. While the phrasing 'far from every other point' is slightly less precise than 'distances flatten,' it captures the core intuition that similarity loses meaning. Both required elements of the full-credit rubric are present."
4c46d893-0185-41c8-a31e-d71cb6b0d46f,03f387d0-701f-4fe7-9681-f0f8721f059f,1,"[minimal] The student lists all four conditions by name but provides no explanation or contrast with loan approval. Per the rubric, naming conditions without explaining why the contrast holds earns minimal credit (1 pt). The answer demonstrates recall of vocabulary but not understanding of why these conditions distinguish Spotify from loans."
a25439de-13b1-48cf-b7df-24adc0a6d99a,03f387d0-701f-4fe7-9681-f0f8721f059f,4,"[strong] The student correctly identifies the unit-of-analysis mismatch ('aggregate platform accuracy can hide poor subgroup performance') and requests the right diagnostic (subgroup metrics by job category). However, they don't explicitly connect this to the shipping decision — i.e., that the action is taken at the recruiter/subgroup level so the metric should match. The Simpson's paradox reference is a minor misapplication but doesn't undermine the core insight."
dfcd7458-ba94-4142-a6bb-9f4091c5e596,03f387d0-701f-4fe7-9681-f0f8721f059f,4,"[strong] The student asks the right diagnostic question (whether Doctor B treats more severe patients) and correctly names Simpson's paradox/confounding as the mechanism. However, they don't explicitly state the consequence — that reassigning critical cases away from B could remove the best critical-case doctor. This matches the 'strong' tier at 4 points."
8d0dd84f-481b-41f2-bd8f-6e8fa5dfb0f5,03f387d0-701f-4fe7-9681-f0f8721f059f,4,"[strong] The student correctly answers 'lower than 0.5' and identifies the cost asymmetry (though they wrote 'FP' twice — clearly a typo for 'FN are far more expensive than FP'). They connect lowering the threshold to capturing more frauds, though they say 'lowering recall' when they mean raising recall (lowering threshold raises recall). The core reasoning is sound but the imprecise wording keeps it from full credit."
1e96273c-e5e4-4e07-b4bc-bbddec3b319b,03f387d0-701f-4fe7-9681-f0f8721f059f,4,"[strong] The student correctly identifies the popularity loop mechanism and proposes two reasonable mitigations (exploration slots, coverage monitoring). However, they don't explain why standard metrics still look good — the blindspot insight that the model is evaluated only on items it surfaces. Per the rubric, naming the mechanism and a mitigation without the metrics explanation earns the 'strong' tier at 4 points."
deff11d7-be73-460f-a26f-99898b2fbbc2,0cf0ff2a-03eb-4433-a512-ba0ad3b94ca9,2.5,"[partial] The definition is correct and clearly stated ('what a singular row of data represents'). However, the example is abstract and vague — the student gestures at the idea of nested values supporting different units but doesn't give a concrete example (like event vs candidate, or transaction vs customer). This fits between partial-low and partial: definition is solid, example is on the right track conceptually but lacks a concrete instance."
8dd02f00-0069-4314-94b9-fe6effe18eb8,0cf0ff2a-03eb-4433-a512-ba0ad3b94ca9,3,"[partial] The student correctly identifies the selection mechanism: the model only sees outcomes from approved applicants and therefore lacks data on rejected ones, leading to bias without explicit programming. However, the answer doesn't clearly explain the compounding/progressive nature over successive retrains — that the training data narrows further each cycle as the model's existing preferences shape who gets approved next. Strong on mechanism, weak on the feedback-loop consequence over time."
5e55f6ac-546e-45b6-9bef-c2a3b87677a5,0cf0ff2a-03eb-4433-a512-ba0ad3b94ca9,2,"[partial-low] The student captures part of the insight — that surface-level analysis can mislead and digging into subgroups can reverse the trend — which gestures at the 'depends on what's in the model' idea. However, they only discuss Simpson's paradox and don't connect the regression sign-flip or 'controlling for' a confounder as facets of the same operation. The 'look deeper' framing also misses the more precise lesson that conclusions are conditional on the specification, not that one level is more 'true' than another."
79c556d0-3f34-4127-8bb3-3b97acf37c34,0cf0ff2a-03eb-4433-a512-ba0ad3b94ca9,3.5,"[full] The student correctly identifies that the gender effect is absorbed/mediated by training-attendance and that attendance is the true driver of promotion differences. They implicitly shift the diagnosis upstream by noting one gender has different attendance rates, though they don't explicitly spell out the remedy implication (that the fix should target attendance access rather than the promotion decision). This is between strong-partial and full — I'll award 3.5 to credit the clear mediation logic while acknowledging the remedy/diagnostic-shift piece is implied rather than stated."
ee46da85-17cd-4da8-9d0f-3c7d3c93c40a,0cf0ff2a-03eb-4433-a512-ba0ad3b94ca9,3.5,"[full] The student correctly identifies bias as coming from model setup (specification) and gives a valid fix (adding a feature/re-specifying). They give a correct fix for variance (more data). However, the variance definition is a bit shaky — 'comes from the data' is the coarse framing the rubric flags as too imprecise; they don't quite capture sample-sensitivity or overfitting. Awarding 3.5 to credit both correct fixes and the bias definition while noting the weak variance definition."
328da4b2-1747-459f-91ea-efb6130683bd,0cf0ff2a-03eb-4433-a512-ba0ad3b94ca9,4,[full] The student explains that fitting training data isn't enough because the model could be capturing noise/overfitting rather than the true pattern (the memorization-vs-generalization idea in plain language). They clearly connect this to the train/test split by explaining that the held-out test set reveals whether the model learned the underlying pattern or just memorized noise. Both rubric components are satisfied.
6716506e-f5f1-4a2c-8847-c5e702aaad39,0cf0ff2a-03eb-4433-a512-ba0ad3b94ca9,4,"[full] The student correctly identifies that residuals capture what cannot be directly measured/seen, which is the key conceptual point. They provide a concrete and apt example (baseball player pricing where the residual captures celebrity/popularity appeal that isn't in the dataset), directly analogous to the soccer/cricket auction example. They even acknowledge the residual contains both signal (popularity) and some noise, showing nuanced understanding."
4cb487c5-6abb-43b1-baf0-bf693afa090a,0cf0ff2a-03eb-4433-a512-ba0ad3b94ca9,0,"[none] The student reverses the trade-off entirely. High recall minimizes false negatives (not false positives), and the spam example is typically a precision case (don't want real emails flagged). COVID tests are a recall case (don't want to miss infections), not precision. Both the framing and the example-to-concept mapping are inverted, matching the 'none' tier."
935af2af-d7fb-4078-b8b2-fc5373c3923e,0cf0ff2a-03eb-4433-a512-ba0ad3b94ca9,3.5,"[full] The student correctly identifies the mechanism (every customer becomes unique as features grow, making similarity hard to determine) and mentions PCA as a remedy. They call it 'high dimensionality' rather than the precise 'curse of dimensionality,' which is very close but slightly imprecise. The distance-flattening intuition is implied through 'every customer will eventually become unique' but not fully fleshed out. Awarding 3.5 for strong mechanism with a slightly imprecise name."
28e950cf-8b26-45ba-bad5-579db343aacf,0cf0ff2a-03eb-4433-a512-ba0ad3b94ca9,4,"[full] The student names two conditions (vast catalog and cheap mistakes) and contrasts each with loans. The catalog point notes Spotify's huge song library vs. binary loan decisions, and the cost point contrasts low-stakes skips with high-stakes loan approvals. Both contrasts are valid and clearly stated, meeting the full-credit criteria."
efd3557a-b2a6-4002-8829-15909ebed986,0cf0ff2a-03eb-4433-a512-ba0ad3b94ca9,4.5,"[strong] The student clearly names the aggregate-vs-subgroup mismatch with a concrete numerical example showing how both claims can be simultaneously true, and requests the right diagnostic (accuracy breakdown by job category). The connection to the shipping decision is implicit rather than explicit — they don't quite articulate that the action is taken at the recruiter/subgroup level so the metric should match. This sits between strong (4) and full (5), so I'm awarding 4.5."
72799331-7b1a-4cc3-a625-73c67f41a807,0cf0ff2a-03eb-4433-a512-ba0ad3b94ca9,4,"[strong] The student correctly identifies the diagnostic question (check the types/severity of patients each doctor treats) and explains the case-mix mechanism with a concrete example (flu vs. deadly diseases). However, they don't explicitly name Simpson's paradox or articulate the consequence — that reassigning critical cases away from B could remove the best critical-case doctor. This matches the 'strong' tier."
8decf041-bba0-4789-9315-149979cf2a99,0cf0ff2a-03eb-4433-a512-ba0ad3b94ca9,5,"[full] Student correctly answers 'lower than 0.5', explains the cost asymmetry (FN much more expensive than FP), and ties the threshold choice to the action (lower threshold catches more fraud, higher threshold would let more costly FNs through). All three rubric elements for full credit are present."
0d44e7eb-d0f1-4907-93b2-99aa352e41c6,0cf0ff2a-03eb-4433-a512-ba0ad3b94ca9,0.5,"[none] The student attributes the pattern to stale training data rather than to a feedback/closed-loop mechanism. There's no mention of the self-reinforcing loop where the model only sees interactions with items it already surfaces, nor why standard metrics still look good. The proposed mitigation (retraining) doesn't address the popularity loop — retraining on the same biased interaction data would reproduce the same pattern. Minimal credit for recognizing a data issue and proposing some action."
95172b1a-3a2f-47d3-9731-e556512fc4e1,13aab4ed-393b-4f75-9439-e1782a6daa1f,4,"[full] The student defines unit of observation as the level of analysis and gives examples of what one row could represent (person, job, animal). They provide a clear concrete example with the restaurant satisfaction dataset showing three different units: per order, per location, and per customer. This satisfies both the definition and the multi-unit example requirements for full credit."
cf9b159a-10da-4686-9c4d-e7ed97ca49ca,13aab4ed-393b-4f75-9439-e1782a6daa1f,3,"[partial] The student correctly identifies the feedback loop mechanism: the model trains only on approved applicants (not all applicants) and the data narrows over time, leading to increasing bias. However, the explanation of the compounding consequence is somewhat vague — they say it becomes 'more bias towards some way' without clearly articulating that the model becomes blind to rejected applicants and reinforces its own prior preferences. Solid grasp of the mechanism with a slightly underdeveloped consequence earns 3 points."
430ccd33-8193-402a-a39e-cdf8edfc56e5,13aab4ed-393b-4f75-9439-e1782a6daa1f,2.5,"[partial] The student captures the key insight that 'different levels provide different insights' and illustrates with the Berkeley admissions example, showing understanding that aggregation level changes conclusions. However, they don't unify all three phenomena (sign-flip and 'controlling for' aren't mentioned), and they overstate the lesson as 'always consider subsets' rather than recognizing that the answer is conditional on specification. This sits between partial-low (2) and partial (3)."
5f8dfaa7-7aae-4867-9754-e3761f56232d,13aab4ed-393b-4f75-9439-e1782a6daa1f,0.5,"[none] The student concludes definitively 'there is no bias in promotions,' which the rubric explicitly flags as a zero-point error — the gap is real, it just lives upstream. They do correctly note that the coefficient vanishes when training is included and gesture at an attendance difference, but they miss that this shifts the location of bias rather than eliminating it. I'm giving a small amount of credit for noticing the attendance mechanism, but the wrong diagnostic conclusion dominates."
bbc67a61-42e8-4938-a4d1-9b89905bd094,13aab4ed-393b-4f75-9439-e1782a6daa1f,2.5,"[partial-low] The student correctly identifies bias as related to model specification/underfitting and variance as sample sensitivity/overfitting, and gives a correct fix for bias (adding variables like car age/type). However, the variance fix is wrong — 'train more complex models' would increase variance, not reduce it; the correct fix would be a simpler model, regularization, or more data. Definitions are reasonable but the variance fix is reversed, so partial credit between minimal and partial is appropriate."
946fdd5a-fbab-4065-9a5c-6f96e886613c,13aab4ed-393b-4f75-9439-e1782a6daa1f,1,"[minimal] The student gestures at the idea that the model was only trained on certain data and mentions that train/test split percentages can lead to different insights, but they don't articulate the core idea that multiple rules can fit the same training data (memorization vs generalization). They also don't explain what the test set actually tests for — only that the split percentage matters. This barely rises above 'we need a test set' without explaining why."
86d97d04-b691-482b-a215-8d66e7357420,13aab4ed-393b-4f75-9439-e1782a6daa1f,4,"[full] The student makes the conceptual point that residuals carry 'unseen information' beyond what the coefficients capture, and provides the soccer-player celebrity-appeal example showing how residuals construct an unmeasurable variable from observed patterns. Despite some awkward phrasing ('size of ignorance'), the understanding is clear and the example is concrete and correct."
836f5ed3-7663-4640-8f58-e400e3bf3805,13aab4ed-393b-4f75-9439-e1782a6daa1f,0,Blank answer — no credit.
47d6df0d-c250-4b4b-825c-40176cafa435,13aab4ed-393b-4f75-9439-e1782a6daa1f,1.5,"[minimal] The student gestures at the right idea (more features = points in multidimensional space, decreased similarity) but doesn't articulate the key mechanism that distances flatten and every observation becomes unique. The name 'multidimensionality' is close to but not quite 'curse of dimensionality,' and the mention of overfitting suggests some conceptual confusion. This sits between minimal (1) and partial-low (2) — I'm giving 1.5 to credit the spatial intuition while noting the missing distance-flattening mechanism."
4c3a84dc-9a4e-4f4a-a1b0-7ee95865a692,13aab4ed-393b-4f75-9439-e1782a6daa1f,0.5,"[none] The student names only one condition ('latent factors'/latent taste) with no justification or contrast to loans, and doesn't name a second condition. This falls below the minimal tier which requires either one condition with justification or two conditions named. A small fraction of credit is given for correctly identifying one relevant condition."
6d0abb6d-89f2-4de6-a10f-5c4f916eedb8,13aab4ed-393b-4f75-9439-e1782a6daa1f,0,"[none] The student's answer 'Taste' is non-responsive to the question. It does not address the unit-of-analysis mismatch, subgroup performance, or any diagnostic question. No credit can be awarded."
d4e4f814-2d7b-45cb-ab4a-499fb24fe4a9,13aab4ed-393b-4f75-9439-e1782a6daa1f,4.5,"[full] The student asks the right diagnostic question (break down by subgroups) and identifies the case-mix mechanism (Doctor B may have had more critical cases), which is the heart of Simpson's paradox even without naming it. They don't explicitly state the consequence — that reassigning could remove the best critical-case doctor — so I'm shading slightly below a full 5, but the analytical moves are essentially all there."
6c6b0ba3-1404-4ae0-936a-c05b50f93609,13aab4ed-393b-4f75-9439-e1782a6daa1f,0,"[none] The student answers 'higher than 0.5,' which is the reversed direction. Worse, the reasoning is internally contradictory: a higher threshold would actually increase false negatives, not decrease them. Per the rubric, reversed direction zeros out unless reasoning salvages it, and here the reasoning compounds the error rather than rescuing it."
bb491afc-3d26-432c-93ad-c93464cc6ffd,13aab4ed-393b-4f75-9439-e1782a6daa1f,0,"[none] The student does not identify the closed-loop / popularity feedback mechanism. The mention of 'factorisation matrices' refers to model architecture without any feedback-loop reasoning, and 'taste' is not a coherent mitigation. Per the rubric, this fits the 'none' tier."
99ae0d77-20c9-43f1-9ee1-fa836ec86f97,201e3ecf-09b7-4b48-ae56-fc5621efa04f,2,"[partial-low] The definition is correct ('what each row represents'). However, the student does not provide a concrete example of two different units derivable from the same dataset — they only state abstractly that different units give different conclusions. Per the rubric, correct definition with a missing/vague example earns partial-low credit."
2a941cf9-b65b-4aa0-963f-ea8607cac5dd,201e3ecf-09b7-4b48-ae56-fc5621efa04f,4,"[full] The student clearly identifies the feedback loop (model only learns from previously approved applicants, narrowing the training data) and explains the compounding consequence (system reinforces earlier preferences, ignores rarely-approved groups, self-reinforcing bias). They also note no one programmed it intentionally. This satisfies both halves of the full-credit rubric in plain language."
2e9eb148-ad74-43bf-8d85-ce6bf7a414e0,201e3ecf-09b7-4b48-ae56-fc5621efa04f,3,"[partial] The student captures the core insight that conclusions depend on what variables are accounted for and how data is grouped, which is the heart of the lesson. However, they don't explicitly unify all three phenomena as facets of one operation — they describe the aggregation/disaggregation flip well but don't tie 'controlling for' into the same framework as a third form of the same move. This fits the 'strong but missing a piece' partial tier."
7595158d-8475-4c84-98f8-bcf1c6658d6e,201e3ecf-09b7-4b48-ae56-fc5621efa04f,3,"[partial] The student correctly identifies that the gender effect is mediated/absorbed by training attendance and recognizes that the original gender-bias conclusion may be misleading. However, they don't take the next step of noting that the bias may have shifted upstream — i.e., that the issue isn't at the promotion decision but in whatever drives differential training attendance. This matches the 'partial' tier: strong on the mediation insight but missing the diagnostic/remedy shift."
7afedffa-07fd-4c60-9553-27f04f433cb8,201e3ecf-09b7-4b48-ae56-fc5621efa04f,1,"[none] The student's definitions of bias (systematically wrong) and variance (sensitivity to data changes) are reasonable, and regularization is a correct fix for variance. However, the student proposes 'more data' as the fix for bias, which is explicitly flagged in the rubric as a 'none' tier response since more data does not fix specification/omitted-variable bias. I'm awarding 1 point to acknowledge the correct variance definition and fix, but the bias fix error is a critical rubric trigger."
af7fa663-1b8a-4920-a6b7-67e783ffabe0,201e3ecf-09b7-4b48-ae56-fc5621efa04f,4,"[full] The student clearly distinguishes memorization from learning the real pattern, addressing the multiple-rules-fit-the-same-data idea in plain language. They also connect this directly to the train/test split as a way to evaluate generalization on unseen data, and correctly note the overfitting signature (high train, low test). Both rubric components are satisfied."
487fe3b9-ef6b-4a56-9fa6-4f173818b97e,201e3ecf-09b7-4b48-ae56-fc5621efa04f,4,"[full] The student articulates the conceptual point that residuals can reveal hidden/unmeasured factors beyond noise, and provides a concrete, apt example (store manager effectiveness) that exactly matches the 'construct an unmeasurable from observed patterns' idea analogous to the soccer auction celebrity appeal. Both rubric components are satisfied."
253520b8-275d-4107-bf71-b10b78d98ac6,201e3ecf-09b7-4b48-ae56-fc5621efa04f,4,[full] The student correctly frames both sides: high recall when missing a positive is costly (fraud detection example) and high precision when false alarms are expensive (expensive marketing offers example). Both examples are plausible and aligned with the correct framing. This meets the full-credit criteria.
26c5cae8-4979-470c-bf47-5cdd6a1cca13,201e3ecf-09b7-4b48-ae56-fc5621efa04f,4,"[full] The student names the curse of dimensionality and describes the core mechanism: as features grow, customers become less similar across all dimensions, making similarity hard to measure. This captures the distance-flattening intuition in plain language and earns full credit per the rubric."
f97a9e64-f697-4940-b9c6-4ba4e5009ef9,201e3ecf-09b7-4b48-ae56-fc5621efa04f,3,"[partial] The student names two valid conditions: dense interactions ('large amounts of user feedback data') and cheap mistakes ('low-cost mistakes'). The cheap-mistakes contrast is well-justified (Spotify low-cost vs loans high-risk). However, the dense-interactions condition is only named for Spotify without an explicit contrast to loans (e.g., that a loan applicant has only one or few applications). Fairness/explainability is mentioned but is closer to the 'regulation' distractor than a core recommender condition."
aa2895a7-21f4-4818-a170-b109c9aaa8f9,201e3ecf-09b7-4b48-ae56-fc5621efa04f,4,"[strong] The student correctly identifies the aggregate-vs-subgroup mismatch ('overall accuracy may hide poor performance in specific groups') and requests the right diagnostic (performance broken down by job category). However, they don't explicitly connect this to the shipping decision — i.e., that the action is taken at the subgroup level so the metric should match. This fits the 'strong' tier where the connection to the decision is left implicit."
b5d36eb6-6b3c-4c07-9935-989a41393c7b,201e3ecf-09b7-4b48-ae56-fc5621efa04f,4.5,"[full] The student asks the right diagnostic question (case severity breakdown), names Simpson's paradox and confounding, and identifies the risk of drawing a misleading conclusion from aggregated data. They stop just short of explicitly stating the consequence — that reassigning critical cases away from B could remove the best critical-case doctor — so I'm awarding 4.5 rather than a full 5."
e84a2a68-974a-4846-8cc6-d88a24c2e1bc,201e3ecf-09b7-4b48-ae56-fc5621efa04f,5,"[full] The student correctly answers 'lower than 0.5', explicitly notes the cost asymmetry (FN much more expensive than FP), and ties the threshold action to the consequence (lower threshold → higher recall → catches more fraud at the cost of more false alarms). This hits all three rubric requirements for full credit."
e328f225-f4f8-4032-b21f-e31c2bcb1f60,201e3ecf-09b7-4b48-ae56-fc5621efa04f,4,"[strong] The student clearly identifies the feedback loop mechanism (popular songs get more exposure → more clicks → more recommendations) and proposes a reasonable mitigation (exploration/diversity rules). However, they don't address why the standard metrics still look good despite the bad behavior, which is required for full credit. This fits the 'strong' tier at 4 points."
e789b1df-960f-466f-a411-f192d87a1ef4,251749b6-ae66-4b46-9b3e-99a2994c7d5c,4,"[full] The student clearly defines unit of observation as what each row represents, and provides a concrete example of two different units (transaction vs. customer) derivable from the same sales dataset. This meets both criteria for full credit."
32ac9ca0-d636-4cba-9d1c-33437d09176f,251749b6-ae66-4b46-9b3e-99a2994c7d5c,4,"[full] The student clearly identifies the feedback mechanism (rejected applicants never appear in training data) and explains the compounding consequence (data narrows, reinforces existing preferences, bias grows without intent). Both required pieces of the full-credit rubric are present in plain language."
11cc24fc-2d0c-46cd-b774-fce6e33504a0,251749b6-ae66-4b46-9b3e-99a2994c7d5c,0,Blank answer — no credit.
4ef87d49-8ba7-4b08-9485-5d684f0ef136,251749b6-ae66-4b46-9b3e-99a2994c7d5c,0,"[none] The student's answer doesn't engage with the question at all. They merely restate what gender bias means without addressing what happens when training-attendance is added to the model, the mediation effect, or the diagnostic shift. There's no evidence of understanding that the location of the bias has shifted upstream."
36a7eaa8-481c-4161-99a7-9b119e7f8f1b,251749b6-ae66-4b46-9b3e-99a2994c7d5c,0,"[none] The student's answer is incomplete and provides no actual content — they begin a sentence but never define bias, define variance, or offer any fixes. There is nothing substantive to credit against the rubric."
5932c3da-7ca5-49b5-a9c6-bea10d68068b,251749b6-ae66-4b46-9b3e-99a2994c7d5c,0,"[none] The student's answer simply restates the question without providing any explanation. There is no mention of why training fit is insufficient (e.g., multiple rules fitting, memorization vs generalization), no mention of overfitting, and no connection to the train/test split. There is nothing substantive to credit."
93a07b2e-34d3-4f34-93d5-fe62a1f478fb,251749b6-ae66-4b46-9b3e-99a2994c7d5c,4,"[full] The student correctly identifies that residuals capture what the model cannot explain and that this leftover can carry meaningful signal (missing variables, unobserved advantages). The sales example is concrete and analogous to the soccer auction case — using the residual to construct an unmeasurable 'local promotion or competitive advantage.' This satisfies both the conceptual point and the concrete example requirement for full credit."
b02ad40e-7c5d-400a-8ece-f7e3f46906b2,251749b6-ae66-4b46-9b3e-99a2994c7d5c,2,"[partial-low] The student correctly frames high recall (missing a positive is costly) and gives a solid concrete example (fraud detection). However, they completely omit the high-precision side — no framing and no example for when false positives are costly. This matches the partial-low tier: only one side is developed."
ea97e613-66f2-4d2b-9bcb-f97f0f9452b8,251749b6-ae66-4b46-9b3e-99a2994c7d5c,4,"[full] The student names the curse of dimensionality and provides the mechanism: data becomes sparse in high-dimensional space, making similarity hard to define. While they say 'sparse' rather than explicitly 'distances flatten,' this is a standard and correct articulation of the same phenomenon. Both required elements (name + mechanism) are present."
976d5a27-c37b-4e59-a844-6c4dc1f080e3,251749b6-ae66-4b46-9b3e-99a2994c7d5c,4,[full] The student names two valid conditions: dense interactions (lots of feedback/observations vs. limited loan data) and cheap mistakes (low-cost skips vs. high-stakes loan errors). Both are justified with a clear Spotify-vs-loan contrast. This meets the full credit criteria.
7689ae6c-2a41-42c1-a286-5e96317077e6,251749b6-ae66-4b46-9b3e-99a2994c7d5c,0,[none] The student did not provide an answer — they merely repeated the question prompt verbatim. There is no explanation of the unit-of-analysis mismatch and no request for additional information.
0a3aff7f-7e9b-4e06-b34b-b927961c40fe,251749b6-ae66-4b46-9b3e-99a2994c7d5c,5,"[full] The student names Simpson's paradox and confounding, asks the correct diagnostic question (whether case severity/risk is comparable across doctors), and identifies the risk that B may be handling the most critical cases and could actually be equally or more skilled. This hits all three rubric elements for full credit."
eb2533ab-a04b-42e7-835f-724a4689ec76,251749b6-ae66-4b46-9b3e-99a2994c7d5c,5,"[full] The student correctly answers 'lower than 0.5', clearly explains the cost asymmetry ($800 vs $20), and ties the threshold change to the action (flagging more transactions to reduce missed fraud while accepting more false positives). This satisfies all criteria for the full tier."
c2a856b2-d4d4-4340-99e0-a79a86807a76,251749b6-ae66-4b46-9b3e-99a2994c7d5c,5,[full] The student clearly identifies the closed-loop feedback mechanism (popular songs recommended → users listen → model retrains on same behavior). They explain why metrics still look good ('performs well on historical accuracy metrics' while new/niche songs get no exposure). They also propose a reasonable mitigation (exploration/diversity injection by promoting less-seen songs). All three rubric components for full credit are present.
184dceb5-0cbc-43ba-bb2f-b0f81c5dcf6b,33d0294f-394b-4476-82a0-b4ae649d6a4b,2,"[partial-low] The student doesn't explicitly define 'unit of observation' as what one row represents, but the example gestures at the right idea: individual student scores (student-level) vs. averaged/overall scores (class-level), which are two different units derivable from the same data. The example is on the right track but the definition is missing and the writing is unclear. This earns partial-low credit for showing conceptual understanding through the example without a clear definition."
e29cad8b-0b17-4380-a498-68ba24098b5a,33d0294f-394b-4476-82a0-b4ae649d6a4b,2,"[partial-low] The student correctly identifies the selection mechanism — that training data only includes approved applicants and excludes rejected ones. However, they don't explain the compounding consequence over time: that the data narrows further with each retrain, the model becomes more confident on a smaller slice, and bias accumulates without anyone programming it. This matches the partial-low tier: names the mechanism but misses the feedback/compounding consequence."
ca735caa-b79d-4a0a-b4b2-bc724f349efa,33d0294f-394b-4476-82a0-b4ae649d6a4b,2,"[partial-low] The student describes each of the three phenomena separately and shows some understanding (especially the age/department example for Simpson's-style controlling). However, they don't articulate the unifying lesson — that the conclusion depends on what variables are included in the model / what level you analyze at, and that all three are facets of the same operation. This fits the partial-low tier: mentions all three but doesn't articulate the underlying operation."
f7992413-787d-4868-bb26-17d730d313bd,33d0294f-394b-4476-82a0-b4ae649d6a4b,0.5,"[none] The student's answer is barely coherent and seems to suggest gender does affect promotion when controlling for a variable, which is the opposite of what the data shows. They don't engage with the diagnosis question — that the gap disappears with training attendance and that bias may live upstream rather than at the promotion step. There's a faint hint of recognition that controlling for a variable matters, so I'm awarding minimal partial credit, but it doesn't reach the 'minimal' tier of saying training matters more than gender."
d8a28fae-665a-4843-a91e-a56a3604019b,33d0294f-394b-4476-82a0-b4ae649d6a4b,1,"[minimal] The student conflates bias with selection bias (data selection) rather than model specification error, which is incorrect for this context. Variance is described reasonably as overfitting (training fits well but test does not), which is acceptable. No fixes are provided for either problem. This earns minimal credit for naming the concepts and getting variance partially right."
8449f544-694d-46e5-833c-dcdb2ae24cc8,33d0294f-394b-4476-82a0-b4ae649d6a4b,2,"[partial-low] The student correctly notes that good training performance doesn't guarantee good test performance and that you need to evaluate on a test set. However, they don't articulate WHY this happens — there's no mention of memorization vs. generalization or that multiple rules can fit the same training data. The answer is on track but underdeveloped, fitting the partial-low tier."
0d29452c-07a2-4fad-918a-dc9b46262682,33d0294f-394b-4476-82a0-b4ae649d6a4b,2,"[partial-low] The student gestures at the right idea — using an auction price residual to capture something like celebrity/fame that isn't directly measured — which echoes the soccer auction example. However, the explanation is very unclear and never explicitly states the conceptual point that residuals can be the variable of interest rather than noise. Credit is given for grasping the example intuitively, but the reasoning is too garbled to award full or even strong partial credit."
501a47a3-91af-4ecd-9de9-57f7ed207044,33d0294f-394b-4476-82a0-b4ae649d6a4b,1.5,"[minimal] The student gestures at the right idea for the high-recall side (a hospital wanting to avoid false negatives), which suggests some understanding that missing a positive can be very costly. However, they don't actually name recall vs. precision, don't address the precision side at all, and don't give a concrete example for when false positives would be more costly. This is below the 'minimal' tier (which defines both terms) but shows partial intuition for one side, so I'm awarding 1.5."
4a2c9f46-269c-4d4d-a1fa-72b0e594db29,33d0294f-394b-4476-82a0-b4ae649d6a4b,0,"[none] The student's answer doesn't address the question at all. They seem to describe a solution (dimensionality reduction) rather than explaining why high dimensions make similarity unanswerable. There's no mention of distance flattening, every point becoming unique, nor the name 'curse of dimensionality.'"
8c57fa85-ddb6-4740-8d26-f80680d15774,33d0294f-394b-4476-82a0-b4ae649d6a4b,0,"[none] The student answered 'selection bias,' which is not one of the four conditions for recommender system fit (latent taste, dense interactions, vast catalog, cheap mistakes). This conflates a different course concept with the recommender systems framework. No conditions are named or justified."
173004ff-1f01-417a-b553-6f83eb43efd5,33d0294f-394b-4476-82a0-b4ae649d6a4b,2,"[partial-low] The student gestures at the 'same data, different conclusions' theme and notes that the two people are looking at different data, which hints at the subgroup issue. However, they don't articulate the unit-of-analysis framing (platform vs engineering subgroup), don't request any specific additional information like a subgroup performance breakdown, and don't connect it to the shipping decision. This fits the partial-low tier."
62d678cf-0151-4fd4-af9d-9b75dd747693,33d0294f-394b-4476-82a0-b4ae649d6a4b,0,"[none] The student misinterprets the question, talking about doctors having different 'thresholds' (perhaps confusing this with the classification cutoff topic) and suggesting training would equalize rates. There is no mention of case mix, severity, Simpson's paradox, or the risk of reassigning critical cases away from B. The answer misses the central diagnostic move entirely."
2db5a319-9b2d-407b-8c57-6e2a8fe8649a,33d0294f-394b-4476-82a0-b4ae649d6a4b,3,"[partial] Student correctly answers 'lower than 0.5' and connects threshold to recall (lowering threshold increases recall and reduces FN). However, they don't explicitly explain the cost asymmetry ($800 vs $20) which is the core reasoning the rubric requires. The answer is also somewhat garbled ('fn is lower' is unclear). This fits the partial tier: correct direction with abbreviated/incomplete reasoning."
63a575d9-0533-47f1-b64f-8b38003d1690,33d0294f-394b-4476-82a0-b4ae649d6a4b,1,"[minimal] The student gestures at the 'rich get richer' idea but doesn't articulate the closed-loop mechanism (model surfaces → more interactions → ranked higher), doesn't explain why metrics still look good, and offers no mitigation. Per the rubric, saying 'popular songs get recommended more' without the loop insight or metric blindspot warrants minimal credit."
f9fa3ec1-5cab-4f84-a802-d2332eadb905,34cfaad4-5309-41f7-b2b4-cef566d427d5,4,"[full] The student clearly defines unit of observation as what a single row represents. They also provide a concrete example of two different units from the same hiring platform data: platform-level (one row = all applicants) versus recruiter-level (one row = batch of applications), and note that these yield different insights. Both rubric requirements are met."
314dd571-1627-4405-9b3e-61f73c50651c,34cfaad4-5309-41f7-b2b4-cef566d427d5,4,"[full] The student clearly identifies the feedback loop mechanism (rejected applicants have no observed outcome and are dropped from training) and explains the compounding consequence (training data progressively narrows toward profiles the previous model favored, producing bias without explicit programming). Both required elements of the full-credit rubric are present and well-articulated."
dc9c9fb9-17cd-40d4-a5cf-74fa6fe6ad0c,34cfaad4-5309-41f7-b2b4-cef566d427d5,4,"[full] The student clearly identifies the core insight that the conclusion depends on the level/specification of analysis, and explicitly unifies all three phenomena (aggregating up, disaggregating down, conditioning) as forms of the same operation. This closely mirrors the model answer and earns full credit."
8f245f95-a919-476d-8c85-28f06ac2f554,34cfaad4-5309-41f7-b2b4-cef566d427d5,4,"[full] The student correctly identifies that the gender effect is mediated by training attendance (within-band promotion rates are equal) and explicitly shifts the diagnosis from biased promotion practices to a training-attendance gap requiring a different remedy. This hits both pieces required for full credit. Minor quibble: the student says men attended fewer sessions (likely a typo/reversal), but the conceptual structure is correct and the diagnostic move is clear."
e5f267ad-e220-4b35-9c7a-92c75f4718e0,34cfaad4-5309-41f7-b2b4-cef566d427d5,4,"[full] The student clearly defines bias as a specification problem (coefficient changes due to model specification) and variance as sample-sensitivity (prediction changes based on data sample). They explicitly explain why they're not interchangeable with a strong example (more data won't fix omitted variable bias). Both fixes are correct: include correct variables for bias, and more data/regularization for variance. This meets all criteria for full credit."
3756bbcf-6f61-4e50-81cf-ddc88ba7282c,34cfaad4-5309-41f7-b2b4-cef566d427d5,4,"[full] The student clearly articulates that the model might have fit a flawed/specific rule rather than the underlying pattern (memorization vs generalization), and explicitly connects this to the train/test split as the means of exposing whether the model truly learned the pattern via new data. Both rubric components for full credit are present."
0bbaf342-bcae-4629-a2d4-e013dfecd5f0,34cfaad4-5309-41f7-b2b4-cef566d427d5,4,"[full] The student clearly articulates the conceptual point that residuals can capture meaningful unmeasured variables rather than just noise ('size of our ignorance' but capturing 'crucial, unmeasured variables'). They provide the exact celebrity-appeal sports auction example, correctly framing the residual as a proxy for an unmeasurable construct. This meets both criteria for full credit."
e8158336-3d5e-4bcc-9a00-7c0ebfa0ff88,34cfaad4-5309-41f7-b2b4-cef566d427d5,4,"[full] The student correctly frames high recall as appropriate when missing a positive is costly (contagious disease example) and high precision when false positives are wasteful (unnecessary retention offers). Both sides have plausible, concrete business examples and the trade-off is correctly oriented. This meets the full-credit rubric."
d9bf9f7f-27e8-4dc5-8c04-704bfc4d08be,34cfaad4-5309-41f7-b2b4-cef566d427d5,4,"[full] The student clearly describes the mechanism: as dimensions increase, every customer becomes unique and statistical distance loses meaning, so the model can't find similar neighbors. They name it 'the problem of dimensionality,' which is a close plain-language equivalent of 'curse of dimensionality.' Both the mechanism and the name are present, meriting full credit."
85ce3f45-9721-4f23-aae0-fb1854a3b774,34cfaad4-5309-41f7-b2b4-cef566d427d5,4,"[full] The student names two distinct conditions (cheap mistakes and dense interactions) and provides a clear Spotify-vs-loan contrast for each. The skip-vs-default contrast is exactly right, and the dense streaming data vs sparse loan applications contrast is well-articulated. Meets the full-credit criteria."
b6bdb14b-fdc5-45a5-9108-9836bc72d082,34cfaad4-5309-41f7-b2b4-cef566d427d5,4,"[strong] The student clearly names the aggregate-vs-subgroup mismatch and requests a subgroup performance breakdown, hitting the first two rubric components. However, they don't explicitly connect this to the decision (i.e., that the action is taken at the subgroup/recruiter level so the metric should match that unit). This places it solidly in the 'strong' tier rather than 'full'."
7312ae82-e3d3-4b04-8942-68caccad5b7d,34cfaad4-5309-41f7-b2b4-cef566d427d5,5,"[full] The student names Simpson's paradox, asks the correct diagnostic question (disaggregate by case difficulty), and explains the mechanism (B likely handles harder cases, making aggregate misleading). The implicit risk—that B's lower rate reflects case mix rather than skill—is clearly articulated, guarding against the wrong reassignment decision."
dd65dedc-3622-4b7f-aeaf-38ca6b4a5e9d,34cfaad4-5309-41f7-b2b4-cef566d427d5,5,"[full] The student correctly answers 'lower than 0.5', explicitly identifies the cost asymmetry between false negatives and false positives, and connects this to the threshold decision (being more willing to accept FPs to catch expensive FNs). The reasoning clearly ties threshold to action, meeting the full-credit criteria."
dca262b5-66b6-4954-a4b0-35b1ded318cc,34cfaad4-5309-41f7-b2b4-cef566d427d5,5,"[full] The student clearly identifies the popularity loop mechanism with the self-reinforcing dynamic ('items the model surfaces receive more interaction causing them to rank even higher'), explains why metrics still look good (precision appears successful because it's evaluated on surfaced items while catalog variety collapses), and proposes two reasonable mitigations (coverage monitoring and exploration slots). This hits all three elements required for full credit."
623ba9ed-bf5c-468b-8382-80a543c7ef2a,3760ed81-fb87-406e-9766-0a33009fc31f,3,"[partial] The student understands that unit of observation depends on the question and stakeholder, and gives a JobMatch example contrasting a platform-level metric (hire rate) with a recruiter-level metric. However, the definition is a bit shaky — they list examples (person, gender, department) rather than clearly stating it's what one row represents. The two 'units' in the example are also somewhat fuzzy (platform hire rate vs. applications-per-day) rather than cleanly showing two different row-level groupings of the same dataset. Strong conceptual grasp but missing the crisp 'what one row stands for' framing."
b8f0291d-8496-4fa1-bdea-c57d056a9b84,3760ed81-fb87-406e-9766-0a33009fc31f,4,"[full] The student clearly identifies the feedback loop mechanism (only approved applicants have observable repayment outcomes, rejected ones are dropped) and explains the compounding consequence (training data shrinks over time, narrowing to a specific group, producing bias). The concrete 70/30 example demonstrates genuine understanding. Plain-language explanation meets the full-credit criteria."
6ab3782c-c939-48a9-9f6b-5531f8f64c99,3760ed81-fb87-406e-9766-0a33009fc31f,3,"[partial] The student correctly identifies that all three phenomena involve the answer reversing when you aggregate, disaggregate, or add a confounding variable — this captures the unifying operation reasonably well. However, the framing leads with 'selective bias' which is a different concept and muddles the core insight, and the answer doesn't quite articulate the deeper lesson that conclusions are conditional on the specification/level of analysis. Strong but missing the cleanest articulation of the underlying principle."
d0134f1a-1e04-426b-9f20-8fe0e4e018c2,3760ed81-fb87-406e-9766-0a33009fc31f,3.5,"[full] The student correctly identifies that training attendance absorbs/mediates the gender effect (calls it a confounder) and recognizes that men and women are promoted at the same rate once attendance is accounted for. They also note the diagnosis of gender bias in promotion is no longer supported and point upstream to the attendance gap. They stop just short of explicitly framing the remedy shift (that the problem now lives upstream in what drives attendance differences), so I'm awarding 3.5 rather than full 4."
3b78ff8b-e07a-4373-8e4d-c0a9d127f04d,3760ed81-fb87-406e-9766-0a33009fc31f,3.5,"[full] The student correctly identifies variance as sample sensitivity ('prediction changes when data changes') and provides correct fixes for both: adding the right variable for bias (with a concrete car-type example) and regularization/simpler models for variance. The bias definition is slightly shaky — 'when model changes, coefficients change' is awkward phrasing — but the follow-up fix and example show they understand bias as a specification problem (missing variable). Awarding near-full credit since both fixes are correct and the example demonstrates understanding, with a small deduction for the imprecise bias definition."
0741da82-525a-490f-86b3-dcb5e1d24a35,3760ed81-fb87-406e-9766-0a33009fc31f,4,"[full] The student clearly distinguishes memorization from generalization ('let the model generalize rather than memorize', 'just memorizing the pattern') and ties this directly to the train/test split as the mechanism for detecting whether the model learned the underlying pattern versus overfitting. Both rubric components are present: the memorization-vs-generalization concept and the role of the test set as the evaluation that exposes this."
b6250090-d06a-41b7-8493-c13e879caa36,3760ed81-fb87-406e-9766-0a33009fc31f,4,"[full] The student clearly articulates the conceptual point that residuals can capture something unmeasurable that we actually care about, not just noise. They provide the cricket auction example with a clear explanation of how subtracting performance-based price from actual price constructs a measure of brand/celebrity appeal. This hits both halves of the 2+2 rubric squarely."
2dc289e2-c338-4c46-bc95-bcf7b9a6a037,3760ed81-fb87-406e-9766-0a33009fc31f,1.5,"[minimal] The student defines recall and precision reasonably well in plain language. However, the COVID example for precision is questionable — in disease detection, recall (catching all cases) is typically more important than precision, and the student doesn't clearly frame it as 'false positives are costly.' The trading example for recall is also muddled and arguably backwards: the student says missing trades is 'acceptable' yet prefers high recall, which contradicts the definition of recall (catching all opportunities). The framing of when each matters is confused, placing this between minimal and partial-low."
1b8f9eba-44ad-4fc9-a4b7-16f191b8357e,3760ed81-fb87-406e-9766-0a33009fc31f,3.5,"[full] The student correctly describes the mechanism: more features make each customer unique and similarity hard to find in high-dimensional space. They name it 'dimensionality' rather than the full 'curse of dimensionality,' which is close enough to credit. Slight deduction because the distance-flattening intuition is implied but not crisply stated, and the name is slightly truncated, but overall this demonstrates solid understanding."
dde1a39f-cb5d-4201-a99f-70586d18ca6b,3760ed81-fb87-406e-9766-0a33009fc31f,4,"[full] The student names all four conditions: latent taste ('hidden tastes'), dense interactions ('lot of user activity'), vast catalog ('enormous song directory'), and cheap mistakes ('any mistake made will be low risk'). While the loan contrast is implied rather than spelled out for each, the student does explicitly note loan approval is different (classification) and the Spotify-side justifications are clear and accurate. This exceeds the bar of naming two with contrast."
18ac47ff-3f70-4f97-8b82-b5d06b0776b7,3760ed81-fb87-406e-9766-0a33009fc31f,4.5,"[strong] The student clearly identifies the unit-of-analysis mismatch (platform-level vs subgroup-level metric) and requests the right diagnostic information (accuracy broken down by subgroup, e.g., engineering jobs). The connection to the shipping decision is somewhat implicit — they say 'to see how the platform is performing at each sub-group level' but don't explicitly tie this to the fact that the action (recommending candidates for specific jobs) happens at the subgroup level. Strong answer with a minor gap on the decision linkage, so I'm giving 4.5."
e99e7e98-1adf-4289-b6eb-37436a2ba6a1,3760ed81-fb87-406e-9766-0a33009fc31f,5,"[full] The student asks the right diagnostic question (whether Doctor B handles more critical cases — i.e., case-mix breakdown), describes the mechanism in plain language (criticality lowers survival, so aggregate is misleading), and explicitly names the risk of reassigning: Doctor A may not be good at critical cases, so survival could drop further. All three rubric elements are present even without naming Simpson's paradox."
7b76481c-0750-4f6f-8b70-7e1e2851bc8e,3760ed81-fb87-406e-9766-0a33009fc31f,4.5,"[strong] Student correctly says 'lower' and identifies the cost asymmetry (FN much more costly than FP), and ties lowering the threshold to reducing FN costs. They don't quantify the 40x ratio or compute breakeven, and the reasoning is somewhat brief, but it clearly connects threshold to action and cost. Sits between strong and full."
f3a0703b-b691-48b3-83f6-e4c8ec73a0f4,3760ed81-fb87-406e-9766-0a33009fc31f,4,"[strong] The student clearly identifies the closed-loop mechanism ('model is getting trained on the data it created', 'closed loop problem') and proposes a reasonable mitigation (injecting variation/exploration in recommendations). However, they don't address why the standard metrics still look good despite the problem, which is the third component needed for full credit."
f80ba5b3-714a-481d-8a10-ddd8aad151a7,45bcd2ad-097f-4c93-9cd7-4a407566786c,4,[full] The student clearly defines unit of observation as what one row represents and gives a concrete example with two different units (one row per application vs. one row per candidate-job pair) from the same JobMatch dataset. They also add insight about how changing the unit changes the question/conclusion. Meets both rubric requirements for full credit.
86cfe803-a194-40c8-821f-2be4c6a0d801,45bcd2ad-097f-4c93-9cd7-4a407566786c,4,"[full] The student identifies the feedback loop (rejected applicants disappear from training data) and explains the compounding consequence (model keeps learning from the same favored type, becoming biased through selection without intent). Both rubric pieces are present in plain language, matching the 'full' tier."
e2fb7de0-96b8-4871-b213-c133f8cb7e88,45bcd2ad-097f-4c93-9cd7-4a407566786c,4,"[full] The student clearly articulates the core insight that conclusions depend on what's in the model and how the data is cut. They explicitly unify the phenomena by noting that aggregate relationships can reverse with subgroups or with added confounders, and conclude that a coefficient/pattern has no fixed meaning by itself — capturing the conditional-on-specification nature of the lesson."
f729a20e-dfef-4942-8fd2-29f5aad04fd3,45bcd2ad-097f-4c93-9cd7-4a407566786c,4,[full] The student correctly identifies that the gender effect is absorbed by training attendance and explicitly shifts the diagnosis away from direct promotion bias toward an upstream investigation of training attendance/access differences. This hits both rubric components: the mediation insight and the diagnostic/remedy shift to the upstream process.
737d13a4-6a76-483d-869a-deb1083bc6f2,45bcd2ad-097f-4c93-9cd7-4a407566786c,4,"[full] Student defines bias as systematic error from misspecification (missing something important) and variance as sensitivity to training sample. Provides correct fix for bias (adding the right variable) and multiple correct fixes for variance (regularization, simpler model, more data). All three rubric components are satisfied."
5d14c1a3-4f70-4438-82cb-03d5adea9f93,45bcd2ad-097f-4c93-9cd7-4a407566786c,4,[full] The student clearly notes that a model can fit training data by learning a 'wrong rule that happens to work on that sample' — this captures the multiple-rules-fit-the-same-data idea in plain language. They then connect this to the train/test split as a check on whether the pattern generalizes to new data. Both rubric criteria for full credit are met.
1e9fbcfe-d885-4e59-8b46-206cfcc31a59,45bcd2ad-097f-4c93-9cd7-4a407566786c,4,"[full] The student clearly states the conceptual point that residuals can carry signal we care about, not just noise. They provide the canonical concrete example (player auction, residual = celebrity appeal / brand value) that demonstrates constructing an unmeasurable from observed patterns. Both rubric components for full credit are satisfied."
28b7cf2d-13c8-4601-bfb5-a744da6f9ea6,45bcd2ad-097f-4c93-9cd7-4a407566786c,4,"[full] The student correctly frames both sides: high recall when missing a true case is costly (fraud, disease screening) and high precision when false alarms are costly (expensive retention offers to likely churners). Both sides have plausible concrete examples and the trade-off is articulated clearly. This meets the full credit criteria."
c45e6cf6-80b0-41e6-88db-3ee0145a80d9,45bcd2ad-097f-4c93-9cd7-4a407566786c,4,"[full] The student correctly describes the mechanism (every customer becomes unique, distances become less meaningful) and names the curse of dimensionality. Both required pieces of the full-credit rubric are present."
b362b1a6-ad67-45e6-89be-9d05f31c6e3c,45bcd2ad-097f-4c93-9cd7-4a407566786c,4,"[full] The student names multiple conditions (latent taste, cheap mistakes, dense interactions, vast catalog) and provides the Spotify-vs-loan contrast for at least two: mistakes are cheap on Spotify but expensive for loans, and Spotify has dense interaction history while loan applicants do not. This satisfies the full-credit rubric of naming two conditions with clear contrasts."
16eac2d6-55f1-49c8-8437-2275401c9e3b,45bcd2ad-097f-4c93-9cd7-4a407566786c,5,"[full] The student clearly names the aggregate-vs-subgroup mismatch ('overall platform accuracy is an aggregate number, while the recruiter is seeing one subgroup'), requests a specific subgroup breakdown (by job type, especially engineering), and connects it to the shipping decision by noting aggregate accuracy can hide poor performance for an important subgroup. All three criteria for full credit are met."
5b928fad-7dc1-4f4a-9501-64e8ccdcc81c,45bcd2ad-097f-4c93-9cd7-4a407566786c,4.5,"[full] The student correctly names Simpson's paradox/confounding, asks the right diagnostic question (whether B treats more severe cases), and explains the mechanism (B may look worse only because of harder cases). They stop just short of explicitly stating the consequence — that reassigning critical cases could remove the best critical-case doctor — but the implication is clearly there in 'not because they provide worse care.' Awarding 4.5 to reflect near-full credit with a small gap on the explicit consequence."
4b2e7b91-cd1f-4efd-aa78-7458d9e9ac42,45bcd2ad-097f-4c93-9cd7-4a407566786c,5,"[full] Student correctly answers 'lower than 0.5', explains the cost asymmetry by citing the $800 vs $20 figures, and clearly connects the threshold to the action (lowering flags more cases, accepting more false positives to avoid costly false negatives). This meets all criteria for the full tier."
249fb396-c58e-49c3-bf2e-779cf3073757,45bcd2ad-097f-4c93-9cd7-4a407566786c,5,"[full] The student clearly identifies the popularity loop mechanism with self-reinforcing logic ('model becomes even more confident recommending them again'). They implicitly address the metric blindspot by noting coverage should be monitored 'not just accuracy,' indicating awareness that standard metrics miss the long tail. They also name two solid mitigations: exploration slots and coverage monitoring."
43b2c9b0-acbc-420d-9484-43b6aac35df3,45d88d0b-6518-444c-b602-6d805afd693e,3.5,"[full] The student clearly defines unit of observation as 'what one row represents' and lists possible units (job, candidate, person, candidate-job pair). The JobMatch example shows awareness that the same data can be aggregated differently for different stakeholders (COO sees platform-wide rate, recruiter sees daily applications), though the example is slightly muddled — it conflates 'unit of observation' with 'audience/use case' rather than cleanly showing two row-level aggregations (e.g., event-level vs candidate-level). Strong overall but the example execution is a bit imprecise, so I'm awarding just below full credit."
29cbb674-c4a7-4232-adcf-52b0d69725bf,45d88d0b-6518-444c-b602-6d805afd693e,3,"[partial] The student correctly identifies the feedback loop: the model is retrained only on approved applicants, narrowing the pool over time. However, the explanation of the compounding consequence is somewhat circular ('this causes bias over time') and doesn't clearly articulate that the model becomes blinder to rejected applicants or that bias compounds toward the model's existing preferences. Solid grasp of the mechanism but the consequence piece is underdeveloped."
e6b125a8-2e9d-42ef-80b9-439c3904d689,45d88d0b-6518-444c-b602-6d805afd693e,4,"[full] The student articulates the core insight that the answer depends on the level of aggregation/what's in the model, and explicitly unifies all three phenomena (Simpson's, sign-flip, controlling for confounder) as instances of the same operation. They reinforce this with concrete examples from class (Berkeley admissions, car age/type, training variable). This meets the full-credit criteria of identifying the core insight AND recognizing all three as facets of one operation."
151819fb-3aeb-4bf5-b427-fe390cd00535,45d88d0b-6518-444c-b602-6d805afd693e,2,"[partial-low] The student recognizes that adding training attendance changes the picture and that the original model was answering a different question, which shows some engagement with the same-data-different-conclusion idea. However, they don't clearly articulate that the gender effect is mediated/absorbed by attendance, nor do they shift the diagnosis upstream to what drives attendance differences. The answer is also somewhat muddled (claiming 'this is shown as bias' without specifying where the bias lives), so it lands at partial-low rather than full or partial credit."
6a18099f-2360-40c7-be25-4a4d18e4b043,45d88d0b-6518-444c-b602-6d805afd693e,4,"[full] The student defines variance correctly as predictions changing with the data and captures bias as a specification issue (coefficient changing when the model changes, fixed by including the right variables). They provide correct fixes for each (right variables for bias; regularization, simpler models, more data for variance) and explicitly note why they aren't interchangeable, echoing the omitted-variable-bias point. This meets the full-credit criteria."
93e3e86c-644b-4b1a-9f53-68d83133d6fb,45d88d0b-6518-444c-b602-6d805afd693e,2.5,"[partial] The student captures the core idea that multiple rules can fit the same training data (the Student A vs Student B analogy is a nice illustration of memorization vs learning the underlying pattern). However, the answer never connects this back to the train/test split — they don't explain that a held-out test set is what reveals whether the rule generalizes. Strong on the 'why training alone isn't enough' piece, weak on the train/test connection, so partial credit between tiers is warranted."
f7ab17c4-110a-48aa-99a0-05d0da00e5cf,45d88d0b-6518-444c-b602-6d805afd693e,4,"[full] The student correctly identifies that residuals can capture something more interesting than coefficients — specifically unmeasured constructs like marketability and popularity that aren't in the model. The record label / artist signing example is a strong analog to the soccer auction celebrity-appeal example, demonstrating the 'construct an unmeasurable from observed patterns' idea. Both the conceptual point and a concrete, well-reasoned example are present."
b9b347fa-4f3c-410e-954a-3d1c3c97a62f,45d88d0b-6518-444c-b602-6d805afd693e,4,"[full] The student correctly frames high recall as appropriate when missing a positive is costly (fraud detection at a bank) and high precision as appropriate when false positives are costly/disruptive (annoying college marketing emails that damage brand). Both sides have plausible concrete examples and the trade-off direction is correct. The phrasing 'true positive is expensive' is slightly awkward but the fraud example clarifies they mean missing fraud is costly, so the understanding is sound."
25a7095e-7356-4349-8b30-5ffeedb4b6ae,45d88d0b-6518-444c-b602-6d805afd693e,3.5,"[full] The student clearly describes the mechanism: as dimensions grow, every customer becomes unique and distance loses its meaning. They call it a 'dimensionality' problem, which is close to the canonical 'curse of dimensionality' but slightly incomplete in naming. Mechanism is solid and example is concrete, so I award nearly full credit with a small deduction for the imprecise name."
7a44804d-efcd-4b63-b852-6b64078b5eb4,45d88d0b-6518-444c-b602-6d805afd693e,4,"[full] The student names two distinct conditions (cheap mistakes and dense interactions) and contrasts Spotify vs. loan approval for each. The cheap-mistakes contrast is clear (skip vs. financial harm/default), and the dense-interactions contrast is also clear (many streams/clicks vs. a single loan application). Both conditions are correctly justified with the Spotify-vs-loan contrast."
eae76670-0ada-498b-95d8-225caaee912d,45d88d0b-6518-444c-b602-6d805afd693e,1.5,"[minimal] The student gestures at a relevant diagnostic question ('who is in the data') but frames it as a selection/coverage issue rather than the unit-of-analysis mismatch the question is targeting. They don't explain that both claims can be true simultaneously because the metrics are computed at different aggregation levels, nor do they request a subgroup performance breakdown. Slightly above minimal because they do point toward investigating the engineering subgroup specifically."
79564073-a2b2-4b3b-b7c1-0f1c007055b6,45d88d0b-6518-444c-b602-6d805afd693e,2.5,"[partial] The student asks good diagnostic questions about unit of observation and who is in the data, and notes that aggregation could mislead. However, they don't identify case severity / case mix as the key confounder, nor name Simpson's paradox or describe its mechanism (aggregate reversing when conditioning on severity). The answer hovers between 'are the cases comparable' territory and a vague aggregation concern, earning between partial-low and partial."
cf028469-c6df-4346-a9ec-a00771926ed9,45d88d0b-6518-444c-b602-6d805afd693e,5,"[full] The student correctly identifies 'lower' as the answer, explains the cost asymmetry (FN costs more than FP), and connects the threshold decision to the business trade-off (accepting more FPs to avoid costlier FNs). While they don't compute the breakeven, that's bonus credit and not required for full marks per the rubric."
4fadd056-9ac8-429b-a28b-e0dfb03f5de3,45d88d0b-6518-444c-b602-6d805afd693e,5,"[full] The student clearly identifies the popularity/closed loop mechanism with the self-reinforcing dynamic, explains why standard metrics still look good (model performs well on surfaced items, silent on the rest), and proposes a reasonable mitigation (monitor coverage, not just precision). All three rubric components for full credit are present."
a478042c-6bb1-4570-a6f8-9888d727c026,4c595d20-4a87-41a9-b636-3faa275333ad,1.5,"[minimal] The definition ('one row in a dataset gives the unit of observation') is on the right track but minimal — it states rows are involved without clearly explaining what one row represents. The example about car resale describes different attributes/features to analyze, which confuses unit of observation with variable selection rather than showing two different units (e.g., individual car vs. dealership, or transaction vs. model). This falls between minimal and none, but the row mention earns partial credit."
e46d52f4-14f6-4d07-bdcc-340cc96eb60f,4c595d20-4a87-41a9-b636-3faa275333ad,3,"[partial] The student correctly identifies the feedback mechanism: the model trains only on shortlisted/approved candidates and misses information about rejected applicants, and this repeats over iterations. However, they don't clearly explain the compounding consequence — that the training data progressively narrows toward the model's existing preferences and bias gets worse over time. The mechanism is named but the 'why it gets progressively worse' piece is implied rather than spelled out."
bc5f2b80-cf04-4ba0-b4bd-a0a0487e6494,4c595d20-4a87-41a9-b636-3faa275333ad,2,"[partial-low] The student captures the Simpson's paradox flavor — that aggregate and subgroup results can differ — which touches the 'depends on how you slice the data' idea. However, they don't unify all three phenomena (no mention of the regression sign-flip or controlling for a confounder being the same operation), and the prescription 'always sub-categorize' edges toward the wrong-answer pattern of picking one specification as correct rather than recognizing the conditional-on-spec nature. Partial credit for getting at the level-of-analysis insight without the unification."
eb022428-dbeb-459f-8202-0631b36cf927,4c595d20-4a87-41a9-b636-3faa275333ad,1,"[minimal] The student gestures at the idea that training (attendance/score) is what's driving promotions rather than gender directly, which is the basic mechanical observation. However, the answer is confused (suggests women get higher promotions, which isn't what the data shows) and doesn't engage with the diagnosis question — it doesn't explain that this shifts the question from promotion bias to an upstream attendance gap. This fits the 'minimal' tier: notes training matters but doesn't engage with the diagnosis."
c1e79552-1385-47bc-8445-1ab783c69574,4c595d20-4a87-41a9-b636-3faa275333ad,1,"[minimal] The student uses an analogy that vaguely gestures at underfitting (one-size-fits-all) vs. overfitting (tailored to each), which is a partial intuition for bias vs. variance. However, the definitions are imprecise — bias is not really 'same solution for each case' but systematic error from misspecification, and variance is sample-sensitivity, not 'specific solution for different problems.' No fixes are provided for either. This earns minimal credit per the rubric."
9705590e-52bb-48d4-97c3-ccaef4f9fb08,4c595d20-4a87-41a9-b636-3faa275333ad,3,"[partial] The student correctly identifies overfitting as the risk and ties it to the train/test split, explaining that the model is built on train and evaluated on unseen test data. However, they don't articulate the deeper 'why' — that multiple rules can fit the same training data, so training accuracy alone can't distinguish memorization from genuine pattern-learning. This earns strong partial credit per the rubric."
1513feaa-ed66-4664-a092-e66d4ac50eb6,4c595d20-4a87-41a9-b636-3faa275333ad,4,"[full] The student identifies the conceptual point that residuals can capture an important unmeasured feature (brand appeal) rather than just noise, and explicitly distinguishes noise from missing-but-meaningful signal. They provide the canonical sportsperson/celebrity-appeal example with a concrete operationalization (social media following). This satisfies both the concept and example portions of the rubric."
6ec1a054-ed7f-4daa-a8f4-80e4745d7c84,4c595d20-4a87-41a9-b636-3faa275333ad,1,"[minimal] The student defines recall and precision with their formulas but does not connect them to when each matters in a business context. They give one example (product delay classification) but don't explain whether recall or precision should be prioritized for it, nor do they provide a contrasting example. This matches the 'minimal' tier: defines the metrics but doesn't address the trade-off question."
71063946-8863-4a7f-b1de-6eca9da70142,4c595d20-4a87-41a9-b636-3faa275333ad,1,"[minimal] The student talks about overfitting and noise and mentions PCA as a remedy, but they do not describe the key mechanism — that distances between points flatten so 'similar' loses meaning — nor do they name the curse of dimensionality. Per the rubric, this fits the 'minimal' tier: invoking overfitting/too many features without the distance-flattening intuition."
a8d63bb1-0bdd-4575-966b-bb731450ea00,4c595d20-4a87-41a9-b636-3faa275333ad,2,"[minimal] The student clearly names and justifies only one condition (cheap mistakes) with a strong Spotify-vs-loan contrast. They did not name a second condition at all. Per the rubric, naming one condition with justification is minimal (1 pt), but the explanation here is particularly thorough and complete for that one condition, warranting 2 pts at the partial-low boundary."
38df2db1-3632-45b6-87ee-781f6bf8b283,4c595d20-4a87-41a9-b636-3faa275333ad,4,"[strong] The student correctly identifies the aggregate vs subgroup mismatch with a concrete numerical illustration (73% overall, 25% in one category), and requests subgroup-level information (how many subgroups perform poorly, plus cost of errors). However, the connection to the shipping decision — that the action happens at the subgroup level so the metric should too — is left implicit rather than explicitly stated, which fits the 'strong' tier rather than 'full'."
edc5d536-c592-4c18-a666-8fc7d51668cb,4c595d20-4a87-41a9-b636-3faa275333ad,4,"[strong] The student correctly identifies the case-mix mechanism — asking whether Doctor B's patients were higher risk than Doctor A's — and notes the decision would be unfair/irrational if so. This captures the Simpson's paradox mechanism and the right diagnostic question. However, they don't explicitly state the consequence (that reassigning critical cases could remove the best critical-case doctor), which keeps it from full credit."
00a5e2a1-c7ff-40b5-a45a-2038df7d0714,4c595d20-4a87-41a9-b636-3faa275333ad,5,"[full] The student correctly says 'lower than 0.5,' identifies the cost asymmetry (FN significantly higher than FP), and ties the threshold to the action (more transaction inspections). All three rubric elements for full credit are present, even without computing the breakeven."
c7d50b81-2dc0-43ca-92a3-8740e9767a59,4c595d20-4a87-41a9-b636-3faa275333ad,3,"[partial] The student gestures at the feedback mechanism by noting that 'users' previous choices are fed for future recommendations,' which is in the neighborhood of the closed-loop idea but doesn't clearly articulate the rich-get-richer self-reinforcement. They propose reasonable mitigations ('surprise me' exploration, trending in network) which counts as a valid remedy. They do not address why standard metrics still look good. This fits the 'partial' tier — vague feedback description plus a mitigation."
06ff36ce-ac10-4802-8829-845b2552cb8f,54a93331-762a-4d30-8c00-38498df484b6,2.5,"[partial-low] The student does convey that a unit of observation is what one row represents (mentioning 'one row a person, a session, a transaction'), which shows understanding of the definition. However, the answer is poorly worded and doesn't clearly give a concrete example of how the SAME dataset could support two different units — they list possible units generically rather than showing two units derivable from one dataset. This fits between partial-low and partial: definition is present but shaky in expression, and the example is vague."
b0ed34fa-24a4-456e-9b4f-65e2f598eabf,54a93331-762a-4d30-8c00-38498df484b6,2.5,"[partial] The student correctly identifies the selection mechanism: only approved applicants generate observable outcomes, and rejected applicants drop from training data. However, they do not explain the compounding consequence — that the training data narrows over time toward the model's existing preferences and bias accumulates across retrains. This places the answer between partial-low and partial; I'm awarding 2.5 because the mechanism is stated clearly but the 'progressively' part of the question is left unaddressed."
834bc95d-2f1e-4ee0-b9cb-20cda43d35dd,54a93331-762a-4d30-8c00-38498df484b6,1.5,"[minimal] The student gestures at the idea that looking at subgroups can flip the story, which touches on Simpson's paradox but doesn't articulate the unifying operation across all three phenomena (Simpson's, sign-flip, controlling for). The answer is vague and doesn't clearly state that conclusions depend on what's in the model. It's slightly above minimal because it does hint at the subgroup/aggregation idea, but falls short of partial-low since it doesn't clearly capture the 'depends on the model' insight."
ef1b1623-a4b7-4d60-9a4f-914cde180bff,54a93331-762a-4d30-8c00-38498df484b6,0.5,"[none] The student concludes 'there is gender bias in promotions,' which is the exact wrong conclusion the rubric flags — the disappearance of the coefficient when attendance is added means the bias is not at the promotion step. They do gesture at training attendance differing by gender, which shows partial awareness that attendance matters, but they misinterpret what that implies for the diagnosis. A small sliver of credit is warranted for noticing the attendance difference, but the core diagnostic conclusion is wrong."
2866584f-8e07-4d74-8afe-a030f4b49a34,54a93331-762a-4d30-8c00-38498df484b6,1,"[minimal] The student captures bias reasonably ('wrong in one direction') and gestures at variance as instability, though the variance definition is shaky ('changes when the data model specification changes' confuses sample sensitivity with specification changes). Critically, no fixes are offered for either bias or variance. Per the rubric, naming both concepts without providing fixes falls into the minimal tier."
95000a3a-2c2d-472c-ad59-f239cf1534ff,54a93331-762a-4d30-8c00-38498df484b6,2.5,"[partial] The student correctly identifies that fitting training data perfectly may just mean memorization rather than learning the underlying pattern, and the ABC example gestures at the multiple-rules-fit-the-same-data idea. However, the answer does not connect this to the train/test split or explain that a held-out test set is what reveals whether the rule generalizes. Awarded between partial-low and partial for capturing the memorization concept but missing the train/test connection entirely."
c4eb0136-5c72-4313-bd29-2c7c300a4dbe,54a93331-762a-4d30-8c00-38498df484b6,3,"[partial] The student grasps the core conceptual point — residuals can reveal hidden/unmeasured elements not captured by the regressors. They reference the celebrity/auction example, which is the canonical illustration. However, the explanation is garbled and doesn't clearly articulate that the residual itself measures celebrity appeal (after subtracting what stats explain). The right idea is there but the example is underdeveloped, warranting partial credit rather than full."
8d7807e7-8132-45eb-9058-492a33153917,54a93331-762a-4d30-8c00-38498df484b6,3.5,"[full] The student correctly frames both sides: high recall when missing positives is costly, high precision when false alarms are costly. The precision example (expensive marketing to wrong clients) is concrete and clear. The recall example ('like false detection') is a bit vague but gestures at the right idea. Strong overall understanding with minor weakness in the recall example."
129a4530-8571-4823-b747-eea77781a2f9,54a93331-762a-4d30-8c00-38498df484b6,1,"[minimal] The student gestures at the idea that observations become unique as features grow ('bubble bigger and unique'), which is a faint trace of the distance-flattening intuition. However, the explanation is garbled and unclear, and the student does not name the curse of dimensionality. This goes slightly beyond 'too many features' but lacks a coherent mechanism, so minimal credit is appropriate."
f5e1f629-955c-47ba-baa4-74a0e32de917,54a93331-762a-4d30-8c00-38498df484b6,2,"[partial-low] The student gestures at two conditions: dense interactions ('lots of users feedback data') and cheap mistakes ('less cost mistakes... loan approval would be high-risk'). The cheap-mistakes contrast is reasonably clear, but the feedback-data point is vague and not really contrasted with loans. The fairness/regulation comment is the common wrong answer that shouldn't earn credit. Partial-low fits: two conditions named but only one justified with a real Spotify-vs-loan contrast."
dfc4cfff-851e-4e80-a6f8-bba5243cf5f5,54a93331-762a-4d30-8c00-38498df484b6,2,"[partial-low] The student correctly identifies that overall accuracy can hide poor performance in a specific subgroup like engineering jobs, which shows partial understanding. However, they don't explicitly frame this as a unit-of-analysis mismatch, don't request any specific additional information (the question asked for one piece of additional info), and don't connect to the shipping decision. This fits the partial-low tier."
2239bbbc-a61f-4c9d-a07d-1a7466ce289e,54a93331-762a-4d30-8c00-38498df484b6,4,"[strong] The student asks the right diagnostic question (whether Doctor B treated more high-risk/severe cases) and identifies the mechanism as a misleading aggregate conclusion, which is essentially Simpson's paradox in plain language. However, they don't explicitly state the consequence — that reassigning critical cases away from B could remove the best critical-case doctor. This matches the 'strong' tier at 4 points."
f8a9761d-7e02-43c2-af83-0dda3744dad5,54a93331-762a-4d30-8c00-38498df484b6,0,"[none] The student chose 'exactly 0.5,' which is the trap answer flagged in the rubric. There is no recognition of the cost asymmetry between false negatives ($800) and false positives ($20), and the reasoning ('protect the waste and loss in the same time') incorrectly suggests the costs are balanced at 0.5. Per the rubric, this scores 0."
fa7e744f-4d7a-4c90-ac79-967ac80264a2,54a93331-762a-4d30-8c00-38498df484b6,1,"[minimal] The student vaguely gestures at the idea that users can't explore new options, which hints at the symptom of the popularity loop, but doesn't articulate the self-reinforcing feedback mechanism, doesn't address why standard metrics still look good, and doesn't propose a mitigation. The answer is also quite unclear in its phrasing. This earns minimal credit for sensing that exploration is limited."
58b3f92d-8442-46e6-b4a6-dfb0ac20d046,579a42ba-2c43-4d38-8603-66afce66547d,3,"[partial] The definition is correct — the student says a unit of observation is a row of data representing something like a person or invoice line. However, the example is somewhat shaky: the student frames the units as 'the price' rather than the entity (a brand/model vs. an individual used car). The underlying idea — that the same car data could be analyzed at the brand level vs. the individual car level — is there, but muddled by saying the unit is 'the price.' Strong on definition, weaker on example execution."
d15af4a1-8d65-4596-bdf7-474ef28794ed,579a42ba-2c43-4d38-8603-66afce66547d,4,"[full] The student clearly identifies the feedback loop (only approved applicants generate observable outcomes, rejected applicants are excluded) and explains the compounding consequence (the model becomes more confident in approving similar applicants while ignoring those who don't fit, even if they could repay). Both pieces of the rubric are present in plain language, earning full credit."
08cc7961-e3c0-4b3f-b55e-d50fe01e8256,579a42ba-2c43-4d38-8603-66afce66547d,1,"[minimal] The student gestures at the idea that what's left out of the model matters, but doesn't articulate the core lesson that conclusions depend on the specification, nor unify the three phenomena (Simpson's, sign-flip, controlling for). The answer is vague and doesn't show that aggregating, disaggregating, and conditioning are the same operation viewed differently. It earns minimal credit for hinting that model contents matter, but misses the conditional-on-spec insight."
53d5ddc7-9406-4f57-a21e-ef5ede190ebb,579a42ba-2c43-4d38-8603-66afce66547d,1.5,"[minimal] The student correctly identifies that training-attendance absorbs the gender coefficient, which shows some understanding of mediation/confounding. However, they conclude 'there is no gender bias in promotions' without recognizing that the bias may have simply shifted upstream to whatever drives the attendance gap. This is closer to the 'none' tier wrong answer ('bias is definitely absent'), but they do engage partially with the mechanism, so I'm awarding between 'none' and 'minimal'."
ea5889fa-a92f-427a-835a-ce0b073516bd,579a42ba-2c43-4d38-8603-66afce66547d,4,"[full] The student correctly identifies bias as a model specification problem (model too simple, explanatory variables insufficient) and variance as sample sensitivity (overfitting, doesn't generalize to new data). They provide correct fixes for each: adding explanatory variables for bias, and simplifying the model to reduce overfitting for variance. The 'too easy vs. too complex' framing shows genuine understanding of why they're not interchangeable."
4195695c-f49a-4493-bfdf-174fa1238988,579a42ba-2c43-4d38-8603-66afce66547d,2.5,"[partial] The student identifies overfitting as the issue (training fit doesn't guarantee test performance) and connects it to the train/test split, which is more than the partial-low tier. However, they don't articulate the 'multiple rules fit the same data' idea—why fitting training perfectly is uninformative—and the second half drifts into talking about random splitting/repeated splits rather than explaining what the test set actually evaluates (generalization). Sits between partial-low (2) and partial (3)."
d6ed6115-ceae-4fcb-a02a-719bf87e667b,579a42ba-2c43-4d38-8603-66afce66547d,3,"[partial] The student gets the conceptual point: residuals contain information worth examining, and analyzing them can reveal variables that should matter. However, the example is somewhat off-target — it frames residual analysis as a way to find omitted predictors to add back to the model, rather than constructing an unmeasurable quantity (like celebrity appeal) from the residual itself. The reasoning is sound but doesn't quite hit the 'make the unmeasurable measurable' insight that earns full credit."
9923dffb-88e3-4a7a-bcf0-9df9fbe5ef9c,579a42ba-2c43-4d38-8603-66afce66547d,4,"[full] The student correctly frames both sides: high precision when false positives are costly (promoting unqualified employee) and high recall when false negatives are costly (medical testing). Both examples are plausible and concrete, matching the rubric's full-credit criteria."
659ba8b5-bebb-42f4-8671-e25b655463d8,579a42ba-2c43-4d38-8603-66afce66547d,2,"[partial-low] The student captures the core intuition that similarity weakens as dimensions grow, which shows understanding of the mechanism. However, they don't fully articulate the distance-flattening idea (distances becoming uniformly similar rather than just 'too far'), and they fail to name the curse of dimensionality. This places it at the partial-low tier."
1ea5f639-f836-4a31-b159-0f62e7a68bcf,579a42ba-2c43-4d38-8603-66afce66547d,1,"[minimal] The student names two conditions (dense interactions and vast catalog) but provides no justification for why Spotify satisfies them while loans do not. Per the rubric, naming two conditions without explaining the contrast earns minimal credit (1 pt)."
cb14bb0b-5525-49b1-8801-b588e043089b,579a42ba-2c43-4d38-8603-66afce66547d,1,"[minimal] The student reframes the discrepancy as an accuracy-vs-precision metric issue rather than recognizing the unit-of-analysis mismatch (platform-wide vs engineering-jobs subgroup). They don't identify that both can be true because performance varies across subgroups, and they request recall/cutoff rather than a subgroup performance breakdown. There's a faint gesture toward 'different metrics matter for different stakeholders,' which is adjacent to the right idea, so I'll give 1 point rather than 0."
041e6b40-2491-4b79-8717-8fa0a5ae7cf5,579a42ba-2c43-4d38-8603-66afce66547d,4.5,"[full] The student correctly identifies the case-mix mechanism (Doctor A may treat lighter cases, Doctor B harder ones) and proposes the right diagnostic move (group by patient type and compare within groups). This is Simpson's paradox in plain language. They don't explicitly state the consequence of reassignment (removing the best critical-case doctor), so I'm awarding just below full credit."
eb400468-2295-4ff5-8d49-4fd7cdae1047,579a42ba-2c43-4d38-8603-66afce66547d,4.5,"[full] Student correctly says 'lower than 0.5' and explains the cost asymmetry ($800 vs $20), connecting it to prioritizing fraud detection over customer-service costs. The reasoning ties threshold to action (flag more aggressively for fraud). Slightly short of full polish since they don't quantify the 40x ratio or compute breakeven, but the core logic is sound and complete."
6944431c-71ac-4de9-a2c8-26602bfa7a02,579a42ba-2c43-4d38-8603-66afce66547d,2.5,"[partial] The student names the popularity loop mechanism and gestures at why niche tastes get ignored (underrepresented in training), which shows some grasp of the feedback dynamic. However, they don't explain why standard metrics still look good, and crucially they propose no mitigation. This sits between partial-low (2) and partial (3) — I'm awarding 2.5 since the mechanism is named but elaboration is thin and the mitigation is missing."
d0d8895e-a005-4e09-9d65-9b57d860328d,5b440348-761c-477d-b109-2056053c3db7,4,"[full] The student clearly defines unit of observation as what one row represents ('what unit we observe in a row, such as one person, one candidate, one company'). They also provide a concrete example of two different units from the same hiring data: analyzing at the candidate level vs. at the company level (how many candidates each company hired). Both pieces of the rubric are satisfied."
528b87ae-eb4a-4ce6-b487-3b15502c4d81,5b440348-761c-477d-b109-2056053c3db7,3,"[partial] The student clearly identifies the selection mechanism: only approved applicants generate training data, rejected ones never get observed. They also note the consequence that the model becomes more confident about approved people and ignores rejected ones. However, they don't explicitly explain the compounding/progressive nature over successive retrains — that the bias worsens each cycle. This fits the 'partial' tier: strong on the mechanism but light on the compounding consequence."
c42b3793-2d87-4768-94e8-2f18b107d942,5b440348-761c-477d-b109-2056053c3db7,2,"[partial-low] The student gives concrete examples of all three phenomena and shows that results change when variables are added or aggregated. However, they don't explicitly articulate the unifying lesson — that all three are the same operation and that conclusions depend on the model specification. The answer lists rather than unifies, fitting the partial-low tier."
72b25676-e98a-47ea-b63e-0c0043b975b5,5b440348-761c-477d-b109-2056053c3db7,3,"[partial] The student correctly identifies that training attendance is a confounder and that the gender effect vanishes once it's controlled for — they even note the mechanism (men have lower attendance, which drives the apparent gap). However, they don't explicitly address what this means for the original diagnosis of 'gender bias in promotions' or note that the problem has shifted upstream to whatever causes the attendance difference. This earns strong partial credit but falls short of full credit for not completing the diagnostic shift."
3aac7d9d-9b61-49fd-ada9-35bfc289e2a3,5b440348-761c-477d-b109-2056053c3db7,3,"[partial] The student correctly identifies bias as needing to add variables (using the car price/age/type example, which echoes omitted variable bias) and gives the fix of adding variables. For variance, they correctly note it's about sample sensitivity (results differ between 100 and 10000 people) and propose more data as a fix. However, the variance definition is shaky — they describe needing more data rather than clearly defining variance as sample-sensitivity/overfitting. Both fixes are present and definitions are roughly on track, fitting the 'partial' tier."
f31fae61-71db-45ce-8f0b-31569948618a,5b440348-761c-477d-b109-2056053c3db7,2,"[partial-low] The student gestures at the right idea — that the model only sees training data and we should hold some data out to test — and describes the mechanics of a train/test split. However, they don't articulate why training accuracy is insufficient (the multiple-rules-fit-same-data / memorization vs generalization point is missing), and the explanation about 'bias' is vague. They get credit for connecting to the train/test split mechanic but not for explaining what it actually tests for."
c57d0015-8c37-42ca-b7a7-6c6777630327,5b440348-761c-477d-b109-2056053c3db7,4,"[full] The student makes the conceptual point clearly: residuals are not noise, they capture something with value that cannot be directly measured. The example of a sports player's business value — where on-field performance is measurable but fan appeal/influence is not — is exactly the soccer/cricket auction example, demonstrating 'construct an unmeasurable from observed patterns.' Despite some rough phrasing, the understanding is solid and earns full credit."
250e8102-2489-4f90-b110-62f3f4b2569c,5b440348-761c-477d-b109-2056053c3db7,1.5,"[minimal] The student's definitions of recall and precision are confused and unclear—the recall explanation is incoherent and precision is described vaguely as 'prediction rate.' They do gesture at the right idea with the COVID-19 example for recall (false negatives matter), but they don't provide a concrete example for high precision, only restating that we 'need high precision' for false positives. This goes slightly beyond minimal because the COVID example correctly connects recall to cost-of-miss, but falls short of partial-low since one side lacks any example and the framing is weakly articulated."
a195a026-30e5-49a4-ba01-7ec505390eac,5b440348-761c-477d-b109-2056053c3db7,2,"[partial-low] The student gestures at the right mechanism—high dimensions make observations dissimilar from one another—and correctly suggests dimensionality reduction as a remedy. However, the explanation is shaky (the claim that 'every feature has high variance and distance' garbles the actual intuition that distances between points flatten/converge), and the student never names the curse of dimensionality. This fits the partial-low tier: mechanism is weakly described and the name is missing."
247160c2-6196-433e-bcc5-e2577b8dccf4,5b440348-761c-477d-b109-2056053c3db7,0.5,"[none] The student gestures at the idea that Spotify learns preferences from listening behavior while loans rely on existing/observable criteria, which is a faint echo of the 'latent taste' condition. However, no second condition is named, the explanation is unclear, and there's no clear contrast articulated. This falls below the minimal tier, which requires one condition clearly named and justified."
9388f6c9-7fcf-43fa-baea-8d20db669db2,5b440348-761c-477d-b109-2056053c3db7,0,"[none] The student frames this as a threshold/cutoff problem about false positives and negatives, which misses the core unit-of-analysis insight. They don't recognize that the 73% is a platform-level aggregate while the recruiter's experience is at the subgroup (engineering jobs) level, and they don't request subgroup performance breakdowns. This matches the 'none' tier — the response misses that both can be true at different units of analysis."
4346d8ef-7aaa-417b-837a-adc7ba68a8f5,5b440348-761c-477d-b109-2056053c3db7,4.5,"[strong] The student correctly names Simpson's paradox and clearly articulates the case-mix mechanism: Doctor B may be treating severely ill patients while Doctor A treats less serious cases, so we can't ignore disease severity. This addresses the diagnostic question and the mechanism. However, the student doesn't explicitly state the consequence (that reassigning critical cases away from B could remove the best critical-case doctor), so it falls just short of full credit but exceeds the strong tier in clarity."
2eadfbdb-15aa-46d8-8865-3ba3469ffb36,5b440348-761c-477d-b109-2056053c3db7,1,"[minimal] The student correctly identifies the cost asymmetry (FN $800 >> FP $20) and correctly states that we want to reduce FN and accept more FP. However, they reverse the threshold direction, saying 'higher than 0.5' when the correct answer is 'lower' — a higher threshold actually produces fewer flags and more FNs. The cost-asymmetry reasoning salvages minimal credit, but the reversed direction prevents partial-low or higher tiers."
a5aaf591-dc4b-4ee7-9688-d3441d17a3a3,5b440348-761c-477d-b109-2056053c3db7,2.5,"[partial] The student gestures at a feedback/filter-bubble idea ('the model forms preference' from history) but doesn't clearly articulate the closed-loop mechanism where surfaced items get more interactions and thus get surfaced more. They propose a mitigation (injecting new songs for the model to learn from), which is roughly in the spirit of exploration/diversity injection though vaguely stated. They do not address why standard metrics still look good, so this falls between partial-low and partial."
35d84cb1-e0e0-4cd5-9f01-299b0f1c85e6,6f2f0bf5-7c54-423b-aacb-0f44cd3cd84c,3,"[partial] The definition is solid — the student clearly states unit of observation is what one row represents and even lists possible units (person, job, session). However, the example is weak: they mention JobMatch and a hire rate but don't concretely show two different units derived from the same dataset (e.g., event-level vs candidate-level). The example gestures at the right idea but doesn't fully execute the 'two units from same data' contrast."
e3d57636-ed0f-4851-a485-ed456777b72e,6f2f0bf5-7c54-423b-aacb-0f44cd3cd84c,2.5,"[partial-low] The student correctly identifies the selection mechanism — the bank only observes outcomes for approved applicants, and rejected applicants generate no outcome data. However, they do not explain the compounding consequence over time: that the training data narrows toward the model's existing preferences and bias progressively worsens with each retrain. This places the answer between partial-low (2) and partial (3); I'm awarding 2.5 because the mechanism is stated cleanly but the 'progressively biased over time' part of the question is unaddressed."
512af60c-492d-428f-bb3e-a93c69f7961a,6f2f0bf5-7c54-423b-aacb-0f44cd3cd84c,3,"[partial] The student captures the core insight that the conclusion depends on how you slice or analyze the data — the 'same data, different conclusion' idea. However, they don't explicitly unify all three phenomena (Simpson's, sign-flip, controlling for) as facets of the same operation of conditioning on variables. This fits the 'partial' tier: strong on the depends-on-the-model insight but missing the unification piece."
9fd23fa4-d8f0-4e7f-b86d-5e80688502e3,6f2f0bf5-7c54-423b-aacb-0f44cd3cd84c,2.5,"[partial] The student correctly notes that conditioning on training attendance reveals the true picture and that the diagnosis and remedy shift completely — this is the key analytical move. However, they don't explicitly state that the gender effect is mediated/absorbed by attendance or that promotions don't depend on gender once attendance is held fixed. The 'men attended fewer trainings' detail hints at the upstream issue but doesn't fully articulate where the bias has relocated. Sits between partial-low (2) and partial (3)."
f221572c-87d5-43dd-9866-0d29baa5abb8,6f2f0bf5-7c54-423b-aacb-0f44cd3cd84c,1,"[minimal] The student names bias and variance but the definitions are shaky and somewhat confused — 'bias is the coefficient when the model changes' is not a clear statement of systematic/specification error, though the variance definition ('prediction changes when the data changes') is roughly correct. No fixes are given for either. This fits the 'minimal' tier: names the concepts but conflates/garbles them and provides no remedies."
d14e29bc-efe7-4d0e-835a-a0c405b429cf,6f2f0bf5-7c54-423b-aacb-0f44cd3cd84c,4,[full] The student clearly identifies memorization vs learning the true pattern (overfitting) and connects it to the train/test split's purpose: evaluating generalization on unseen data. They also add a concrete diagnostic — a gap between train and test performance signals memorizing noise. This satisfies both rubric requirements for full credit.
5c833543-9796-4ced-beee-781d1dc5b3e7,6f2f0bf5-7c54-423b-aacb-0f44cd3cd84c,2.5,"[partial] The student grasps the key conceptual point that residuals can carry strategic signal and that innovation comes from explaining what's in them — this aligns with 'residuals are sometimes the variable of interest.' However, no concrete example is given (no soccer auction, teacher value-added, etc.), and the explanation stays abstract. This sits between partial-low (2) and partial (3), so I'm awarding 2.5."
769fc678-77d8-419d-b8de-45e122a406d7,6f2f0bf5-7c54-423b-aacb-0f44cd3cd84c,4,[full] The student correctly frames both sides of the tradeoff: high recall when false negatives are costly (fraud detection example) and high precision when false positives are costly (hiring example). Both examples are concrete and plausible. This meets the full-credit criteria.
e772b4c9-0611-4cb7-b5c9-608025e90aee,6f2f0bf5-7c54-423b-aacb-0f44cd3cd84c,3,"[partial] The student correctly describes the mechanism: high-dimensional space causes points to become far from each other and 'similar' loses meaning. However, they did not name the concept as the 'curse of dimensionality.' Per the rubric, mechanism described but name missing earns partial credit (3 points)."
b77510bb-d171-4a87-9055-d55407fcdb6d,6f2f0bf5-7c54-423b-aacb-0f44cd3cd84c,4,"[full] The student names two valid conditions (dense interactions and cheap mistakes) and provides a clear Spotify-vs-loan contrast for each: lots of listening data vs sparse loan feedback, and a skipped song vs serious financial consequences. Both conditions are distinct and well-justified, meeting the full credit criteria."
bacb9fa8-d988-44e2-91f9-016df027ac6b,6f2f0bf5-7c54-423b-aacb-0f44cd3cd84c,3,"[partial] The student correctly identifies that overall performance can differ from subgroup performance (engineering specifically), which captures the core insight that both can be true. However, they did not explicitly request additional information (a subgroup breakdown) as the question asks, nor did they connect the framing to the shipping decision. This lands at the 'partial' tier — the right intuition is there but the diagnostic ask and decision connection are missing."
3bee864d-1d27-44e6-b297-159c749b30b2,6f2f0bf5-7c54-423b-aacb-0f44cd3cd84c,4,"[strong] The student correctly identifies the case-mix mechanism in plain language — asking whether the doctors get the same level of cases and explaining that B may receive harder cases, which would lower the aggregate survival rate. This captures Simpson's paradox conceptually. However, they don't explicitly state the consequence: that reassigning critical cases away from B could remove the best critical-case doctor. This matches the 'strong' tier at 4 points."
8362fc91-c15b-4c46-8171-9a16be2314e7,6f2f0bf5-7c54-423b-aacb-0f44cd3cd84c,4.5,"[full] Student correctly answers 'lower than 0.5', identifies the cost asymmetry ($800 vs $20), and connects lower threshold to higher recall and lower expected cost. There's a minor wording slip ('more false negative' when they mean false positives), but the reasoning is clearly correct. No breakeven calculation, so I'm awarding just under full credit."
a1dcc8fa-7921-473e-b4c1-bd3eda3e03c6,6f2f0bf5-7c54-423b-aacb-0f44cd3cd84c,4,"[strong] The student clearly identifies the closed-loop/popularity feedback mechanism and proposes a sensible mitigation (exploration/diversity injection). However, they don't explicitly address why standard metrics still look good (the metric blindspot on the long tail), which is required for full credit per the rubric."
23be9a72-db92-46a7-9804-fd1cc5b42beb,705fad3d-af01-4ef5-a950-597d03a55e89,2,"[partial-low] The definition is correct — the student identifies a unit of observation as what one row represents (one student per row in an attendance sheet). However, the example only names one unit (student) rather than showing how the same dataset could support two different units of observation (e.g., student-level vs. class-level, or attendance-event vs. student). Per the rubric, a correct definition with a single-unit example earns partial-low credit."
cb5f8f6f-a6d0-48e4-9fa2-1134825e0220,705fad3d-af01-4ef5-a950-597d03a55e89,3,"[partial] The student correctly identifies the feedback loop mechanism (only accepted applicants are in training data, so the model keeps catching similar applicants) and notes that bias increases over time with a narrow dataset. However, the explanation of the compounding consequence is somewhat brief — they don't fully articulate that rejected applicants never generate outcomes or that the model becomes progressively blinder to the excluded group. Solid grasp of the mechanism but light on elaboration, fitting the 'partial' tier."
b3bf01da-d618-4e41-a481-ed3d3ffdca7f,705fad3d-af01-4ef5-a950-597d03a55e89,3,"[partial] The student captures the core 'same data, different angles, different answer' insight, which is the heart of the lesson. However, they don't explicitly articulate that the 'angle' is the model specification or what variables are included/conditioned on, and they don't unify the three as facets of one operation (conditioning). Strong but missing the explicit unifying mechanism, fitting the partial tier."
39bf9495-7821-44cd-aa4f-dd4e3f490d87,705fad3d-af01-4ef5-a950-597d03a55e89,2.5,"[partial] The student correctly identifies that promotions are connected to training attendance (not gender directly) and hints that the gender difference shows up in attendance rather than promotion itself. However, they don't explicitly state what this means for the bias diagnosis — that the problem has shifted upstream to whatever drives attendance differences, rather than living at the promotion decision. This is between partial-low (2) and partial (3), so I'm awarding 2.5."
f333ed92-fbb5-4d38-b32a-7cc69a307dd9,705fad3d-af01-4ef5-a950-597d03a55e89,3,"[partial] The student correctly identifies bias as a specification problem and offers a valid fix (rebuild/re-specify the model). They also offer a valid fix for variance (more training data). However, the variance definition is shaky — saying 'the model is right' misses the core idea of sample-sensitivity or overfitting. Per the rubric, both fixes given but one definition is shaky = partial credit."
3a18ee82-217b-4851-aea8-c88f516160f3,705fad3d-af01-4ef5-a950-597d03a55e89,3.5,"[full] The student clearly distinguishes memorization from learning the pattern and explicitly ties this to the purpose of the train/test split: test data reveals whether the model generalized or just memorized. They also note overfitting leads to worse test performance. The answer is slightly light on the 'multiple rules can fit the same data' framing, but the memorization-vs-generalization idea is communicated well, so I'm awarding near-full credit."
01e8f876-73c8-4804-a593-69f414f053d1,705fad3d-af01-4ef5-a950-597d03a55e89,3.5,"[full] The student correctly identifies that residuals carry information worth analyzing (not just noise) and provides the canonical soccer-player celebrity-appeal example, demonstrating the 'construct an unmeasurable from observed patterns' idea. The conceptual framing is slightly muddled ('decrease the bias' is not quite right — residuals here aren't about reducing bias but about isolating an unmeasured construct), so I'm shading slightly below a perfect 4, but the example is spot-on and shows real understanding."
367cfaca-ff6d-4af2-970c-5c3a6341c837,705fad3d-af01-4ef5-a950-597d03a55e89,2.5,"[partial] The student correctly frames high recall as caring more about false negatives and gives a solid COVID testing example. However, the second example is muddled: they describe wanting to 'recall more losing customers' but label it high precision, which conflates the concepts and doesn't clearly illustrate when false positives are costly. The recall side is strong; the precision side is confused, placing this between partial-low and partial."
fe794ffb-f7d2-4a58-a7fa-0b8d3e74885f,705fad3d-af01-4ef5-a950-597d03a55e89,2,"[partial-low] The student describes the mechanism in plain language — that adding features makes each observation more different so similarity breaks down. However, they do not name the curse of dimensionality, and the mechanism description is fairly thin (no mention of distances flattening or why uniqueness destroys similarity). This fits the partial-low tier: mechanism present but shaky, and name missing."
0397b16e-55c0-4ae7-bddb-17d8f078bd24,705fad3d-af01-4ef5-a950-597d03a55e89,0,"[none] The student does not name any of the four conditions (latent taste, dense interactions, vast catalog, cheap mistakes). The answer about 'past data causing bias' confuses recommender conditions with general modeling concerns and is not a correct contrast. The second sentence vaguely gestures at feedback loops but doesn't articulate any of the required conditions."
0094580f-687d-4740-9105-8d2bf3d70d98,705fad3d-af01-4ef5-a950-597d03a55e89,4,"[strong] The student correctly identifies the aggregate-vs-subgroup mismatch (invoking Simpson's paradox and explaining that overall accuracy is driven by non-engineering jobs) and requests the right diagnostic: accuracy broken down by job type. However, the connection to the shipping decision is left implicit — they say it 'can help decision' but don't explicitly articulate that the action is taken at the subgroup level so the metric should match. This fits the 'strong' tier at 4 points."
01ce2591-cd50-4a3a-9420-9c5491851dd9,705fad3d-af01-4ef5-a950-597d03a55e89,4.5,"[full] The student names Simpson's paradox explicitly, asks the right diagnostic question (survival rate of critical cases by doctor, i.e. case-severity breakdown), and explains the mechanism (A may have easier cases). They don't fully spell out the consequence — that reassigning critical cases from B could remove the best critical-case doctor — so I'm shading slightly below a perfect 5, but this is essentially a full-credit answer."
ff35aed9-734d-488c-9ed9-18e57d4fc901,705fad3d-af01-4ef5-a950-597d03a55e89,5,"[full] The student correctly answers 'lower than 0.5', identifies the cost asymmetry ($800 vs $20), and connects the lower threshold to the action of catching more real fraud to reduce expected costs. This satisfies all three components of the full-credit rubric: correct direction, cost asymmetry explanation, and threshold-to-action reasoning."
a2968395-4d01-4251-b8b7-314836a86075,705fad3d-af01-4ef5-a950-597d03a55e89,4,"[strong] The student clearly describes the closed-loop mechanism ('shown songs get more clicks → rank higher → shown more') and names a valid mitigation (monitor coverage, not just precision). However, they don't explicitly explain why standard metrics still look good — the coverage mention hints at it but doesn't articulate that the model is evaluated only on items it surfaces. This matches the 'strong' tier (4 pts)."
918b8bcd-1ee2-4af6-9cde-da5becda020c,71609005-8b54-4b35-81ec-363172dd181f,3,"[partial] The definition ('what one row represents') is correct and clearly stated. However, the example is somewhat vague — the student mentions 'a person or a job' as possible units but doesn't concretely tie this to two different units derivable from the same JobMatch dataset (e.g., event-level vs. candidate-level). The CEO/recruiter discussion is about audience for decision-making rather than a clean example of two units of observation from one dataset, so this fits the 'partial' tier: correct definition with a vague example."
d2f32958-e842-4dd5-978a-6c13a3428c0f,71609005-8b54-4b35-81ec-363172dd181f,2,"[partial-low] The student correctly identifies selection bias and notes the model is only trained on approved loans, which names the mechanism. However, they don't explain the compounding consequence (training data narrows over time, bias snowballs). They also muddy the answer by introducing model drift, which the common-wrong-answers note flags as a different phenomenon. Credit for naming the feedback mechanism, but not full credit due to missing the compounding explanation and the irrelevant drift addition."
68312c45-09e7-4612-bf8f-0fc1d5a09742,71609005-8b54-4b35-81ec-363172dd181f,3.5,"[full] The student captures the core insight that the conclusion depends on what's in the model and the level of analysis ('a coefficient does not have a one fixed meaning by itself'). They reference subgrouping, controlling, and aggregating, which connects all three phenomena. The phrasing is rough and doesn't explicitly unify the three as 'one operation,' but the underlying lesson is clearly conveyed, warranting near-full credit."
cbe3a626-209e-4023-9cb5-b9b2b25f2e9a,71609005-8b54-4b35-81ec-363172dd181f,1.5,"[minimal] The student correctly identifies that adding training-attendance changes the coefficient and that the gap is explained by attendance rather than gender directly. However, they then conclude 'there is not gender bias in promotions,' which is the exact wrong-answer trap flagged in the rubric — the bias may live upstream in attendance access. They don't note the diagnostic shift to an upstream process, so this falls between minimal (1) and partial-low (2)."
1d720618-95ce-4e23-86ee-a87e3c4a2421,71609005-8b54-4b35-81ec-363172dd181f,2.5,"[partial-low] The student correctly defines bias as systematic error from a wrong model and correctly defines variance as learning noise / overfitting to the training sample. However, no explicit fixes are offered for either — they note that 'more data will not fix' bias (showing understanding) but never propose a remedy like re-specifying the model or adding the right variables, nor a fix for variance like regularization or a simpler model. Definitions are solid but both fixes are missing, placing this between minimal and partial."
103edaab-846b-4f9c-8c1a-d0c3167f82df,71609005-8b54-4b35-81ec-363172dd181f,3,"[partial] The student mentions overfitting (learning noise as patterns) and ties it to the need for the model to perform well on test data, which connects overfitting to the train/test split. However, they don't clearly articulate the 'multiple rules can fit the same training data' idea — the core insight that training fit alone can't distinguish memorization from generalization. The data leakage point is tangential but not wrong. This fits the 'partial' tier: strong but missing the multiple-rules-fit-the-same-data piece."
54fe60d5-b833-4197-9a14-408391c36630,71609005-8b54-4b35-81ec-363172dd181f,4,"[full] The student correctly defines residuals, then makes the conceptual point that residuals reveal something the model/inputs cannot see directly. The player-price example with fame/market value as the residual is exactly the soccer-auction celebrity-appeal example, demonstrating the 'construct an unmeasurable from observed patterns' idea. Phrasing is rough but the understanding is clearly there."
9cfeeef8-d8b1-4cde-8c82-c81b00130182,71609005-8b54-4b35-81ec-363172dd181f,4,"[full] The student correctly frames both sides: high recall when missing a true case is costly (fraud detection example is plausible — missed fraud is expensive), and high precision when false positives are costly/disruptive (marketing spam example works — annoying customers with irrelevant pitches damages trust/engagement). Both examples are concrete and the framing of which is which is correct. Minor wording slip ('true positive is expensive' should be 'false negative'), but the surrounding context makes the intent clear."
cbd793a6-856b-4842-af2b-7b1ae6bec864,71609005-8b54-4b35-81ec-363172dd181f,3.5,"[full] The student correctly identifies the mechanism (every customer becomes unique, model becomes less meaningful) and gestures at the name ('dimensionality problem') plus mentions appropriate remedies (PCA, embeddings). They don't quite say 'curse of dimensionality' verbatim and the distance-flattening intuition is implicit rather than explicit, so I'm shading slightly below full credit, but the core understanding is clearly there."
62d3c91a-91dc-4e2a-a387-9064be869d21,71609005-8b54-4b35-81ec-363172dd181f,2.5,"[partial] The student lists all four conditions Spotify satisfies (cheap mistakes, dense interactions, latent tastes, vast catalog), which shows recognition. However, they only contrast one condition explicitly with loans (cheap vs. costly mistakes). The other three conditions are named but not justified with a Spotify-vs-loan contrast. This sits between 'minimal' (one condition with justification) and 'partial' (two conditions, one justified), so I'm awarding 2.5."
44ac2b61-5fca-448d-8267-4265e3ef8a7d,71609005-8b54-4b35-81ec-363172dd181f,5,"[full] The student names the unit-of-analysis mismatch ('overall platform accuracy is an aggregate' vs 'subgroup or one category'), requests specific subgroup performance broken down by job type especially engineering, and connects it to the decision by noting that aggregate metrics can hide poor performance for an important subgroup that matters for shipping. All three rubric criteria for full credit are met."
f9d93076-f965-4576-ad4a-ba855ec3df47,71609005-8b54-4b35-81ec-363172dd181f,4.5,"[full] The student correctly names Simpson's paradox, asks the right diagnostic question (whether B treats more severe/critical cases), and explains the mechanism (B may look worse only due to harder case mix). They stop just short of explicitly stating the consequence — that reassigning critical cases away from B could remove the best critical-case doctor — though it's strongly implied. Awarding near-full credit."
c533d32d-06bb-459c-ad2a-f2a90f321b1f,71609005-8b54-4b35-81ec-363172dd181f,5,"[full] The student correctly identifies 'lower' as the direction, explains the cost asymmetry ($800 vs $20), and ties the threshold change to the action (flagging more cases, accepting more false positives). The reasoning clearly connects threshold to cost trade-off, satisfying all criteria for full credit."
374013f9-3562-4c39-a5d4-fadf57710f55,71609005-8b54-4b35-81ec-363172dd181f,4,"[strong] The student clearly identifies the popularity/feedback loop mechanism and explains how it self-reinforces, and proposes a reasonable mitigation (random exploration, plus RLHF). However, they do not address why the standard metrics still look good despite the bad behavior, which is required for full credit. This matches the 'strong' tier (4 pts)."
5b985a5e-a890-4aac-8071-bd05b4e281f3,7eb17cb7-d67e-48fc-aebc-cfaed9301aba,2,"[partial-low] The definition ('one row in the dataset') is correct and concise. However, the example is weak — the student gestures at different business views (platform-level vs recruiter-level) but doesn't clearly identify two distinct units of observation derivable from the same dataset (e.g., event vs candidate vs job). The example reads more as a use-case contrast than a unit-of-observation contrast, so it earns partial credit but not full."
531f1cd8-0656-4e92-91f6-d6d142e647f7,7eb17cb7-d67e-48fc-aebc-cfaed9301aba,2.5,"[partial] The student correctly identifies the selection mechanism: the model only trains on approved applicants and never learns about rejected ones. However, the answer doesn't clearly explain the compounding/progressive nature of the bias over successive retrains — it states the model makes predictions on unknown populations but doesn't articulate that the training data narrows further with each cycle. This sits between partial-low (names the loop, vague on consequence) and partial (mechanism present, compounding implicit)."
d199459c-8f1d-4362-99e9-002f8024ab37,7eb17cb7-d67e-48fc-aebc-cfaed9301aba,1.5,"[minimal] The student defines a confounder and vaguely gestures at aggregation/subgroups, but doesn't articulate the unifying lesson that the conclusion depends on what's in the model or the level of analysis. They don't connect all three phenomena (Simpson's, sign-flip, controlling for) as facets of one operation. The answer is closer to 'minimal' but shows a hint of awareness about aggregation vs subgroups, warranting slight credit above 1."
070e409a-3f11-4215-a8b3-0e3ed445abb1,7eb17cb7-d67e-48fc-aebc-cfaed9301aba,3,"[partial] The student correctly identifies that training attendance mediates/confounds the gender effect, and notes that within the same attendance level, promotion rates are equal. They hint at the upstream issue ('males tend to attend less training') but don't explicitly articulate the diagnostic shift — that the remedy moves from the promotion decision to the upstream attendance process. This earns strong partial credit but falls short of full credit."
efe9d121-7863-4383-8f41-4f1a808d0e53,7eb17cb7-d67e-48fc-aebc-cfaed9301aba,4,"[full] The student correctly defines bias as wrong model specification (fixed by adding the right variable) and variance as overfitting (fixed by simpler model or more data). They provide a correct fix for each and explicitly explain why the fixes are not interchangeable, using the car example where adding data didn't change the coefficient but adding car type flipped the sign. This satisfies all three rubric requirements for full credit."
569ea143-b58a-4331-afa1-29bed396a091,7eb17cb7-d67e-48fc-aebc-cfaed9301aba,2,"[partial-low] The student mentions overfitting and notes that test data may include things the model didn't learn, which gestures toward the generalization issue. However, they don't articulate the key idea that multiple rules can fit the same training data (memorization vs. learning the pattern), and the comment about 'percentage of train/test split' suggests some confusion about the purpose of the split. This fits the partial-low tier: overfitting mentioned without clearly tying it to why the train/test split exposes generalization."
1f2d8e54-9d87-4ddd-954c-f0494b2fd0c1,7eb17cb7-d67e-48fc-aebc-cfaed9301aba,4,"[full] The student defines residuals correctly and provides the soccer auction example showing residuals as celebrity appeal—an unmeasurable construct made measurable by subtracting the explainable part. While the conceptual framing ('why residuals are more interesting') is implicit rather than explicit, the example clearly demonstrates the key idea that residuals can be the variable of interest. This matches the full-credit criteria."
9baedcb2-53bc-4b8e-a88f-a6491773dfa5,7eb17cb7-d67e-48fc-aebc-cfaed9301aba,0.5,"[none] The answer is confused and appears to reverse the trade-off. The student says 'cost of a false positive is higher than the cost of a false negative' but then says we should 'lower the threshold to decrease the cost of false positives' — lowering the threshold actually increases false positives. There's no clear framing of when recall vs precision matters, and only one muddled example is given rather than one for each side. The reasoning conflicts with itself, falling into the 'none' tier."
d47ffdf2-969d-43e2-ab87-74fbf0ca2ba1,7eb17cb7-d67e-48fc-aebc-cfaed9301aba,4,"[full] The student names the concept ('dimensional curse' = curse of dimensionality) and describes the mechanism: in high dimensions points become far from each other and 'similar' loses meaning. Both required pieces are present, satisfying the full-credit rubric."
d63f6339-ca3a-4a64-9985-41af5c94c3c0,7eb17cb7-d67e-48fc-aebc-cfaed9301aba,2,"[partial-low] The student names two valid conditions (latent taste and cheap mistakes / cost of error) but provides no explanation or Spotify-vs-loan contrast for either. Per the rubric, naming two conditions without explaining why the contrast holds falls between 'minimal' (1 pt) and 'partial-low' (2 pts); since both named conditions are correct and distinct, 2 points is appropriate."
cde6f7b2-28e3-4cb4-9d3d-2b98df397224,7eb17cb7-d67e-48fc-aebc-cfaed9301aba,4,"[strong] The student names the unit-of-observation mismatch and requests a subgroup breakdown by job category (engineering vs business). They gesture at why subgroups differ (different skills/requirements) but don't explicitly connect the breakdown to the shipping decision (i.e., that the metric should match the level at which the action is taken). This fits the 'strong' tier: correct concept and right diagnostic, but the decision connection is left implicit."
1e56944e-9662-41da-824d-6da5111c4c71,7eb17cb7-d67e-48fc-aebc-cfaed9301aba,3.5,"[partial] The student correctly identifies the core issue: case mix matters, and Doctor B may be handling harder cases (emergency department) which would explain the lower survival rate. This captures the mechanism behind Simpson's paradox in plain language. However, they don't explicitly name Simpson's paradox, don't fully articulate that the aggregate could reverse once you condition on severity, and don't state the specific risk that reassigning critical cases away from B could remove the best critical-case doctor. This is stronger than pure 'are cases comparable' (partial=3) because it identifies a specific confounder mechanism, but weaker than 'strong' (4) which requires explaining the mechanism more fully."
c111192c-95f2-40ff-bbee-1a13664c2bb1,7eb17cb7-d67e-48fc-aebc-cfaed9301aba,0,"[none] The student reversed the direction, recommending a higher threshold to avoid false negatives. In fact, a higher threshold means fewer flags and MORE false negatives slip through. While they correctly identified the cost asymmetry, the action they recommend would worsen the bank's losses, so per the rubric this zeros out."
56261671-5bfc-48b4-bcf3-2ebe67ec70bf,7eb17cb7-d67e-48fc-aebc-cfaed9301aba,2.5,"[partial] The student gestures at a feedback effect ('filter bubbles', narrowing recommendations) and proposes a reasonable mitigation (expand scope beyond user history, akin to exploration/diversity injection). However, they don't clearly articulate the closed-loop mechanism where the model's own surfacing drives future popularity, and they don't address why standard metrics still look good. This sits between partial-low and partial — the mitigation is present but the mechanism is only vaguely described."
e3f4c21f-a57e-4a5f-a6e3-a690e11c4b31,9eb00a30-32f8-404a-b7ac-49d8bcf2b283,1,"[minimal] The definition ('measure degree based on what you want to measure') is vague and doesn't clearly convey that a unit of observation is what one row represents. The example given is actually a Simpson's paradox / confounding example (Berkeley-style), not an example of the same dataset supporting two different units of observation. The student gestures at 'levels' but conflates unit of observation with adding a control variable."
f9edb7e8-1658-4201-a565-93395a737c4a,9eb00a30-32f8-404a-b7ac-49d8bcf2b283,3.5,[full] The student clearly identifies the selection mechanism (rejected applicants don't generate observable outcomes) and notes that training data narrows toward applicants the system already approved. The compounding/progressive nature is implied ('narrowed toward... already catched') but not made fully explicit. Strong understanding in plain language; minor deduction for not explicitly stating the bias compounds over successive retrains.
b057bed4-12df-4aa6-bdd4-b643443583ff,9eb00a30-32f8-404a-b7ac-49d8bcf2b283,4,"[full] The student identifies the unifying insight — that all three phenomena depend on the 'conditioning level' or what's in the model — and connects each of the three phenomena to that operation with concrete examples (gender/promotion, car-age/price, third-variable confounding). They also note that selecting the right conditional level matters, which captures the 'depends on the specification' lesson. This satisfies both the core insight and unification criteria for full credit."
ae2b367b-6bff-40d5-9bcc-0771f76bbc91,9eb00a30-32f8-404a-b7ac-49d8bcf2b283,3,"[partial] The student correctly identifies that the gender gap is mediated by training-attendance — once attendance is accounted for, the apparent gender effect disappears and the lower rate relates to attendance/performance rather than gender at the promotion step. However, they don't complete the diagnostic shift by noting that bias may still exist upstream in what drives the attendance differences; the framing leans toward 'it's about performance' rather than 'the bias may have moved upstream.' This earns partial credit per the rubric."
3e6dff3c-cd6c-4b12-ab0f-a033f42ce306,9eb00a30-32f8-404a-b7ac-49d8bcf2b283,0.5,"[none] The student reverses/confuses the definitions: they describe bias as coming from 'data selection' (which is closer to selection bias, not specification bias) and variance as a 'system level problem' (backwards — variance is sample sensitivity, not systemic). The fixes are also muddled and the example about luxury cars conflates omitted-variable bias with data quantity. Per the rubric, reversed definitions warrant the 'none' tier, though I'm giving a small sliver of credit for at least attempting to distinguish the two and gesturing at the idea that more data doesn't fix one of them."
9e4b5c1d-2143-4684-be82-945af5021e1a,9eb00a30-32f8-404a-b7ac-49d8bcf2b283,2.5,"[partial] The student does grasp the multiple-rules-fit-the-same-data idea — their 1,3,5→3 example is actually a nice illustration of how a model can find a coincidental rule (sum) rather than the true pattern (middle value). However, they don't connect this to the train/test split: they conclude we need 'more data samples' rather than a held-out evaluation set to test generalization. This earns credit for the concept but misses the train/test connection, landing between partial-low and partial."
74c520ee-27b5-4690-bad6-ed75c67d3dd1,9eb00a30-32f8-404a-b7ac-49d8bcf2b283,4,"[full] The student clearly states that residuals are not just noise but can carry new information worth measuring (the conceptual point). They give the soccer auction example correctly, identifying that the residual captures the 'glamour' (celebrity appeal) component that isn't measured in the performance stats. This matches the full-credit rubric: residuals as a constructed unmeasurable variable of interest."
afcd4a89-4920-491f-9af8-f6199eca5f48,9eb00a30-32f8-404a-b7ac-49d8bcf2b283,4,[full] The student correctly frames recall as catching positives when misses are costly (pandemic example) and precision as avoiding false positives when wrongly flagging is costly (athlete selection example). Both sides have plausible concrete examples and the framing of which matters when is correct. Definitions of recall and precision are also accurate.
b34b0d94-43c7-4867-bf4f-45d959f0b33c,9eb00a30-32f8-404a-b7ac-49d8bcf2b283,1.5,"[minimal] The student gestures at the right intuition ('little customers have the exactly same' data, 'too similar customers may not exist') which hints at the uniqueness/distance-flattening idea, but names it 'overfitting' / 'high variance' rather than the curse of dimensionality. The mechanism is shaky and the correct name is missing, so this falls between minimal (1) and partial-low (2)."
1200a844-1093-4fb7-ac32-81597be9dc16,9eb00a30-32f8-404a-b7ac-49d8bcf2b283,4,"[full] The student names two of the four conditions clearly: cheap mistakes and vast catalog. Each is justified with a Spotify-vs-loan contrast — a skipped song vs. a costly mismatched loan, and millions of songs vs. a small countable set of loan products. Both contrasts are sound and distinct, meeting the full-credit rubric."
f6b28b06-79d5-4b92-9a92-41074bd1d5fb,9eb00a30-32f8-404a-b7ac-49d8bcf2b283,2.5,"[partial] The student leans toward a sample-size explanation ('the recruiter only saw 4 cases'), which is the common wrong answer flagged in the rubric. However, they do propose checking department-level performance to see if it differs from overall, which gestures at the subgroup diagnostic. They don't clearly articulate the unit-of-analysis framing or connect it to the shipping decision, so this sits between partial-low and partial."
04e70b0a-272f-4989-8d32-958e54472462,9eb00a30-32f8-404a-b7ac-49d8bcf2b283,4,"[strong] The student correctly identifies the case-mix mechanism in plain language — asking whether the doctors are treating different illnesses/severities and noting that B may be handling harder cases with inherently lower survival rates. They also implicitly note the consequence (B 'shouldn't be removed'). However, they don't explicitly name Simpson's paradox or fully articulate that the aggregate can reverse once you condition on severity, and the second half about 'both being terrible doctors' is a tangent rather than the core insight. This fits the strong tier (4 pts)."
1e17a39a-fb73-4fa6-bce9-cded577942b2,9eb00a30-32f8-404a-b7ac-49d8bcf2b283,5,"[full] The student correctly answers 'lower than 0.5', explicitly cites the 40x cost asymmetry, and clearly connects lowering the threshold to capturing more potential fraud while accepting more false positives. The trade-off reasoning is sound and complete, satisfying all criteria for the full tier."
0b68790e-146f-40d2-8a58-c8540936a969,9eb00a30-32f8-404a-b7ac-49d8bcf2b283,2.5,"[partial] The student vaguely describes the feedback effect ('most popular songs will be recommended even more') and proposes a reasonable mitigation (force the system to recommend unusual/newer songs, akin to diversity injection). However, they don't clearly articulate the closed-loop mechanism (why it happens — the model only sees what it surfaced) and don't address why standard metrics still look good. This sits between minimal and partial — slightly above minimal because a mitigation is offered."
f0cf8ab0-3155-4f28-bd9b-8db4b8157fd4,ab61c3c8-f25c-4861-b319-7f8936e9d324,2,"[partial-low] The definition is correct — the student clearly states that unit of observation is what each row represents. However, the example is weak: they describe a single dataset with columns but don't actually identify two different units of observation that could be derived from it (e.g., rating-level vs. user-level vs. movie-level). Per the rubric, correct definition with a vague/incomplete example earns partial-low credit."
9590a646-ed93-4e3a-9390-785f7e5b28c5,ab61c3c8-f25c-4861-b319-7f8936e9d324,2,"[partial-low] The student identifies that only previously-approved applicants are used in training and that bias compounds over time, which gestures at the feedback loop. However, the explanation of the mechanism is vague — they don't explain that rejected applicants have no observable outcome, nor do they describe how the training data narrows toward the model's existing preferences. The 'might not be accurate' framing is generic rather than specific to the selection-feedback mechanism."
8ec87992-222c-45d4-91b1-b82f80f3ffd6,ab61c3c8-f25c-4861-b319-7f8936e9d324,1,"[minimal] The student vaguely gestures at 'controlling other things constant' but doesn't articulate the unifying lesson that conclusions depend on model specification or level of analysis. Simpson's paradox isn't mentioned, and the regression sign-flip is only named without explanation. This treats the concepts as loosely related rather than identifying them as facets of one operation."
e1d10ab0-d4f8-437d-8556-9e3f3be1009b,ab61c3c8-f25c-4861-b319-7f8936e9d324,0,"[none] The student's answer is vague and essentially concludes that gender plays a role in the model, which is the opposite of what the data shows once training attendance is included. They don't engage with the fact that the coefficient vanishes, nor with what that means for the diagnosis. This matches the 'none' tier — concluding bias is present without recognizing the shift in where the bias might live."
44602293-1923-49cd-ad33-860dab1d39ae,ab61c3c8-f25c-4861-b319-7f8936e9d324,4,"[full] The student correctly distinguishes bias (coefficient/model specification sensitivity — 'changes when the model changes') from variance (sample sensitivity — 'prediction changes when the data changes'). They provide a correct fix for each: choosing the right variables for bias, and more data for variance. This satisfies all three components of the full-credit rubric."
e7e6e9b8-40e3-4c0b-ad4b-936f6eb526d4,ab61c3c8-f25c-4861-b319-7f8936e9d324,2,"[partial-low] The student correctly identifies that fitting training data well doesn't mean the model will fit test data well, and connects this to the train/test split. However, they don't articulate WHY this happens (multiple rules can fit the same data / memorization vs generalization), and their explanation of the split's purpose drifts into 'randomization' and vague 'reducing inaccuracy' rather than the key idea that held-out data exposes whether the rule generalizes. This matches partial-low: on track but missing the core mechanism."
eae81ebe-1f58-4c00-ba29-9df309adbb5e,ab61c3c8-f25c-4861-b319-7f8936e9d324,1,"[minimal] The student gestures at residuals showing 'what you do not see in that model,' which is close to the conceptual point but underdeveloped. There's no concrete example, and the bulk of the answer is about coefficient instability/sign-flips, which is off-topic for this question. This earns minimal credit for hinting at residuals carrying unseen information without explaining why that's useful or providing an example."
8dea0f23-900c-4010-bf2b-b07078005a01,ab61c3c8-f25c-4861-b319-7f8936e9d324,1,"[minimal] The student vaguely gestures at the right idea (recall = catching misses, precision = correctness of predictions) but doesn't connect either to a business context where the cost of a miss vs. cost of a false alarm matters. No concrete examples are provided for either side. This meets the 'minimal' tier: definitions roughly understood but no connection to when each matters."
8a99f390-48da-45b1-b790-91499f50dc24,ab61c3c8-f25c-4861-b319-7f8936e9d324,2,"[partial-low] The student names 'dimensionality' (close to curse of dimensionality) and gestures at the idea that adding more features makes finding similar customers harder due to more 'constraint criterias.' However, the mechanism is shaky — they don't articulate the key intuition that distances flatten or every observation becomes unique. The explanation about features 'changing the result totally' is vague and doesn't capture why similarity becomes meaningless. Partial credit for naming the concept with a weak mechanism."
a5de6f5e-fb5f-4692-a7e8-e49f0245fdb0,ab61c3c8-f25c-4861-b319-7f8936e9d324,0.5,"[none] The student does not name any of the four conditions (latent taste, dense interactions, vast catalog, cheap mistakes). The discussion of using listening history to make predictions is generic to any ML system, and the 'stability vs macroeconomic risk' point is unrelated to the recommender-system conditions covered in class. There's a faint gesture toward dense interactions (learning from listening history) but no clear contrast with loans on that dimension."
2390e5b9-7544-4d4b-bb18-7f499c5a60f7,ab61c3c8-f25c-4861-b319-7f8936e9d324,2,"[partial-low] The student gestures at the idea that overall accuracy differs from a more specific case, but misframes the subgroup as a single candidate rather than a job category/segment. They don't name the unit-of-analysis mismatch and their requested information (accuracy for a specific candidate) isn't quite the right diagnostic — it should be performance broken down by subgroup like job category. There's partial intuition that aggregate vs specific can differ, but the framing is muddled."
b7bf63b3-bb3c-471a-b417-b169ef9f86e4,ab61c3c8-f25c-4861-b319-7f8936e9d324,3.5,"[partial] The student correctly identifies the case-mix issue by asking about difficulty and type of surgery, which is the right diagnostic move. However, they don't explicitly articulate Simpson's paradox or the mechanism (aggregate reversing when conditioned on severity), and they don't clearly state the risk of reassigning critical cases away from a doctor who may actually be the best at handling them. This sits between partial (3) and strong (4), so I'm awarding 3.5."
8e7cb7f2-0962-44e5-8711-18832e9e7f7b,ab61c3c8-f25c-4861-b319-7f8936e9d324,3,"[partial] The student correctly answers 'lower than 0.5' and gestures at cost impact, but does not explicitly explain the 40x cost asymmetry between false negatives ($800) and false positives ($20). The reasoning about 'being more accurate' is vague and doesn't clearly tie the threshold mechanism to the cost trade-off. Per the rubric, saying 'lower' without clearly explaining why earns partial credit."
0c00405a-a40e-4d69-ac8d-1f8384c01127,ab61c3c8-f25c-4861-b319-7f8936e9d324,2.5,"[partial] The student names the closed-loop mechanism and uses relevant terms (popularity loop, niche starvation, filter bubbles), but doesn't explain how the loop actually works or why standard metrics still look good. The mitigation ('making fairness for the analysis') is too vague to count as a concrete remedy like coverage monitoring or exploration slots. This sits between partial-low and partial — credit for naming the mechanism but weak elaboration and weak mitigation."
463e99c8-4f11-452b-b101-dc6ab242077b,bc676cdc-3ad8-4a8d-99ec-34f602544446,4,"[full] The student clearly defines unit of observation as what one row represents and provides a concrete example with two distinct units (applications vs. candidates) derivable from the same hiring dataset. They also note that the analytical question changes depending on the unit chosen, which shows genuine understanding. Meets the full-credit criteria."
e962c086-1fcd-4b81-a9c3-2da535cb767d,bc676cdc-3ad8-4a8d-99ec-34f602544446,2,"[partial-low] The student correctly identifies the selection mechanism — that the bank only observes outcomes from approved applicants and lacks data on rejected ones. However, they don't explain the compounding consequence: that retraining on this narrowed data progressively reinforces the model's existing preferences over time. This matches the partial-low tier: names the mechanism but misses the feedback/compounding piece."
5febf228-06a3-4df1-9e8a-8f677ec45d9d,bc676cdc-3ad8-4a8d-99ec-34f602544446,4,"[full] The student captures the core insight that the conclusion depends on what's in the model / level of analysis, and explicitly notes that the same data can tell different stories when aggregated, split, or with added variables. This unifies all three phenomena (Simpson's, sign-flip, controlling for) as facets of the same operation. Plain language but clearly demonstrates understanding."
7be77bba-9832-42aa-9af3-e02f75425911,bc676cdc-3ad8-4a8d-99ec-34f602544446,2,"[partial-low] The student gestures at the right idea — that conditioning on another variable (like department/training) reveals the 'real rate' and that the apparent gap may come from upstream choices rather than the promotion decision itself. However, they don't directly engage with the gender coefficient vanishing or explicitly reframe the diagnosis (the bias may have shifted upstream rather than disappeared). The reasoning is on track but underdeveloped and conflates the example with department choice rather than training attendance."
b09dba71-85ee-4c50-a70e-1bfaeb00e886,bc676cdc-3ad8-4a8d-99ec-34f602544446,4,[full] The student clearly defines bias as systematic error from a misspecified model (missing variable) and variance as sensitivity to the training sample. They provide a correct fix for each (add the right control variable; regularization) and explicitly note why they aren't interchangeable (more data won't fix specification error). This meets all criteria for full credit.
ab77c706-6d84-41f1-b447-545cd2123926,bc676cdc-3ad8-4a8d-99ec-34f602544446,3.5,"[full] The student clearly connects training fit to the train/test split and explains that the test set checks generalization, with overfitting as the failure mode. They don't quite articulate the 'multiple rules can fit the same data' idea explicitly, but they capture the spirit by noting the model 'can match what it has already seen' versus learning the real pattern. Strong answer that hits both halves of the rubric, just slightly less explicit on the memorization-vs-generalization mechanism."
414339c0-1081-4a0f-986e-576c245d82f1,bc676cdc-3ad8-4a8d-99ec-34f602544446,4,"[full] The student clearly states the conceptual point that residuals can capture something meaningful the model didn't measure (celebrity appeal, brand value, fans). They provide the soccer auction example with a concrete illustration (Ronaldo still earning despite declining skill), which directly demonstrates the 'construct an unmeasurable from observed patterns' idea. The phrasing is a bit rough but the understanding is solid."
8eb09a30-a9f8-4560-9e8e-05a05c76cd2d,bc676cdc-3ad8-4a8d-99ec-34f602544446,4,[full] The student correctly frames both sides: high recall when missing a true case is costly (fraud detection example) and high precision when false alarms are costly (retention campaign example). Both examples are concrete and plausible business scenarios. The framing of cost-of-miss vs cost-of-false-alarm is clear and accurate.
36533ba2-6494-4858-a561-574a0a65d99a,bc676cdc-3ad8-4a8d-99ec-34f602544446,3,"[partial] The student correctly describes the mechanism: as features grow, every customer becomes unique and groups shrink to just a few people, making similarity meaningless. However, they call it the 'high dimensionality problem' rather than the precise term 'curse of dimensionality.' This is close but not the exact name, fitting the 'partial' tier where mechanism is solid but the name is slightly off."
8d7a0dbc-e432-4ac1-b7b9-560c7f2f410d,bc676cdc-3ad8-4a8d-99ec-34f602544446,4,"[full] The student names two distinct conditions (dense interactions and cheap mistakes) and provides a clear Spotify-vs-loan contrast for each. The interaction point contrasts many songs played vs. limited loan repeat data, and the cost point contrasts a skip vs. a life-altering loan decision. Both conditions are correctly identified and justified, meeting the full credit criteria."
e2d0ccca-af78-4bcd-b644-bd9bd7348cec,bc676cdc-3ad8-4a8d-99ec-34f602544446,4,"[strong] The student correctly identifies the unit-of-analysis mismatch (overall platform average vs. specific subgroups like engineering jobs) and requests the right diagnostic: accuracy broken down by job type. However, they don't explicitly connect this to the decision logic (i.e., that the action is taken at the subgroup level so the metric should be too). This matches the 'strong' tier."
30866e5f-09cb-4590-95a1-37e52240ce7b,bc676cdc-3ad8-4a8d-99ec-34f602544446,4.5,"[strong-to-full] The student correctly names Simpson's paradox, asks the right diagnostic question (case severity breakdown), and explains the mechanism (B may look worse only due to harder cases). They don't quite spell out the consequence — that reassigning critical cases away from B could remove the best critical-case doctor — so it falls just short of the full 5. Awarding 4.5 to reflect strong execution on the first two elements with the consequence implied but not stated."
89ea1d5b-b478-4e2a-b951-2d36430c90ed,bc676cdc-3ad8-4a8d-99ec-34f602544446,5,"[full] Student correctly answers 'lower than 0.5', identifies the cost asymmetry (FN much more costly than FP), and ties the threshold choice to action (flag more transactions, accept higher recall and more false alarms). All three rubric elements for full credit are present, even without computing the explicit breakeven."
9c929870-361d-41f9-82f5-99b9c38532c2,bc676cdc-3ad8-4a8d-99ec-34f602544446,3,"[partial] The student correctly identifies the popularity loop mechanism and describes the self-reinforcing feedback ('plays make the model make more recommendations'). However, they do not explain why standard metrics still look good, and they do not propose any mitigation. Per the rubric, missing the mitigation lands this in the partial tier at 3 points."
8ce335df-5c61-4ea0-99a5-99fff2f85824,bcb0d29b-11d5-40d6-b443-4b81b748763e,2,"[partial-low] The definition is roughly on track ('entity being observed') but a bit shaky — it doesn't clearly tie to what one row represents. The example names two potential units (study level, experience level) but they're vague and don't clearly illustrate how the same dataset could be aggregated/analyzed at two different levels. This fits the partial-low tier: shaky definition with a weak example."
fd459c81-314f-47ad-9a72-98d72b3fda52,bcb0d29b-11d5-40d6-b443-4b81b748763e,2,"[partial-low] The student correctly identifies that rejected applicants are excluded from training and that the model narrows toward favorable candidates, which captures the selection mechanism. However, they don't explain the compounding/feedback nature over successive retrains, and they mislabel the phenomenon as 'underfitting,' which is a different concept. This earns partial-low credit for naming the mechanism without the consequence of progressive compounding."
10ba109b-8fa2-4d2b-a786-2ae7ed6d5110,bcb0d29b-11d5-40d6-b443-4b81b748763e,2.5,"[partial] The student correctly describes each of the three phenomena and gestures at the idea that results change when you look deeper or include different variables. However, they don't quite unify the three as facets of the same underlying operation (that conclusions are conditional on what's in the model / level of analysis). The framing 'dig deeper into the data' is closer to 'always disaggregate' than to the conditional-on-specification insight, so this falls between partial-low and partial."
25042bdb-e89f-46a3-9929-73211058bd86,bcb0d29b-11d5-40d6-b443-4b81b748763e,2,"[partial-low] The student recognizes that adding training attendance changes the gender coefficient and that training attendance explains the outcome more clearly. However, they don't explain what this means for the bias diagnosis — they don't note that the gap is mediated by attendance or that the problem may have shifted upstream to whatever drives attendance differences. This matches the partial-low tier: notes the gap disappears but doesn't engage with diagnosis or remedy."
1d5a615a-482d-43a4-b0d4-879ed5c37e74,bcb0d29b-11d5-40d6-b443-4b81b748763e,1,"[minimal] The student's definition of bias is incorrect/confused — they describe it as coefficients changing predictions, which is not the specification-error concept. Their variance definition is vague and conflates it with prediction error rather than sample sensitivity. No distinct fixes are given for each; instead a generic 'find optimal balance' statement is offered, which applies to both. This matches the 'minimal' tier: names the concepts but conflates them and gives only one generic fix."
d700dc36-d8ab-4c20-8200-5ea6bd4efd76,bcb0d29b-11d5-40d6-b443-4b81b748763e,2,"[partial-low] The student correctly identifies that the test set is used to check whether the model learned the pattern, tying it to the train/test split. However, they don't explain *why* training accuracy alone is insufficient — there's no mention that multiple rules can fit the same training data or that the model could be memorizing rather than generalizing. This fits the partial-low tier: on track but missing the multiple-rules-fit-the-same-data insight."
47aeb978-a5bb-494c-af7a-c0786470fccd,bcb0d29b-11d5-40d6-b443-4b81b748763e,1,"[minimal] The student's answer conflates residuals with omitted variable bias / confounding rather than addressing why residuals themselves can be the object of interest. The example about car age and car type illustrates how adding a control variable changes a coefficient, not how the unexplained portion of a regression can be used to measure something unmeasurable (like celebrity appeal). The response acknowledges residuals exist and represent unexplained variation but does not engage with why they're useful as a constructed measure, fitting the 'minimal' tier."
95d7e60a-6db7-45e1-b813-f89cdae26b93,bcb0d29b-11d5-40d6-b443-4b81b748763e,0,"[none] The student has reversed the trade-off entirely. They say 'high precision' when missing a positive (false negative) is costly (COVID test) — this should be high recall. They then say 'high recall' when false positives are costly — this should be high precision. Both framings are inverted, which matches the 'none' tier criterion of reversing the trade-off."
d98c1fdc-bfbb-4d9d-b7af-671f914bcd85,bcb0d29b-11d5-40d6-b443-4b81b748763e,3,"[partial] The student names the concept ('dimensionality problem' — close enough to curse of dimensionality) and conveys that adding features makes customers impossible to cluster. However, the mechanism is slightly shaky: they say distances become 'too big' rather than that distances flatten/become similar so nearest-neighbor loses meaning. The intuition is partially right (every customer becomes unique) but the distance explanation is imprecise, warranting 3 points."
a72b4643-8cd3-4797-b3fd-d75d5b4bdbad,bcb0d29b-11d5-40d6-b443-4b81b748763e,0,"[none] The student discusses embeddings and interpretability, which is not one of the four conditions (latent taste, dense interactions, vast catalog, cheap mistakes). The answer actually inverts the latent-taste idea — Spotify works *because* tastes are latent/unmeasurable, whereas loans have observable features; the student frames Spotify as having labeled factors and loans as not, which misunderstands the contrast. No valid condition is named with a correct Spotify-vs-loan justification."
cbefa493-e540-4d5d-8b2b-b76dc66e68c5,bcb0d29b-11d5-40d6-b443-4b81b748763e,3.5,"[strong] The student correctly identifies the aggregate vs. subgroup (de-aggregated) mismatch, which is the core unit-of-analysis insight (though they label it Simpson's paradox, which is adjacent but not quite the same — still, the underlying framing is right). However, they did not explicitly request subgroup performance breakdown as the additional information, nor connect it to the shipping decision. This puts them between partial (3) and strong (4): the concept is named but the diagnostic ask and decision link are missing."
986a3ce2-e1f5-4991-a96a-35331297d798,bcb0d29b-11d5-40d6-b443-4b81b748763e,4,"[strong] The student clearly identifies the case-mix mechanism — Doctor B may be getting more critical cases, dragging down the percentage — which is the heart of Simpson's paradox even without naming it. They ask the right diagnostic question (what kinds of cases each doctor handled). However, they don't explicitly state the consequence that reassigning critical cases away from B could remove the best critical-case doctor; their stated risk is more general ('irrelevant cases to skillset'). This matches the 'strong' tier."
57e704ac-3f44-4ef4-84f5-a17491f38d43,bcb0d29b-11d5-40d6-b443-4b81b748763e,1,"[none] The student reverses the direction, recommending 'higher' when the correct answer is 'lower'. However, they do correctly identify the cost asymmetry (FN $800 > FP $20), which shows partial understanding of the underlying trade-off even though they misapply it to threshold direction. Per the rubric, reversed direction zeros out unless reasoning salvages partial credit; I'm awarding 1 point for recognizing the cost differential."
8882b43d-7c00-4007-bc85-3f06f79b8033,bcb0d29b-11d5-40d6-b443-4b81b748763e,2.5,"[partial] The student gestures at a feedback-like pattern ('popping the same music...again and again') and notes that new/unpopular songs get omitted, but frames it as 'survivorship bias' rather than the closed-loop mechanism where the model only sees what it surfaces. They propose a mitigation (deliberately considering new/unpopular songs), which aligns with exploration/diversity injection, though vaguely. They do not address why standard metrics still look good. This sits between partial-low and partial — the mechanism is hinted at and a mitigation is offered, but neither is sharply articulated."
a43dea2e-c248-4982-9425-be71f9500591,bd804da3-6f1d-4c07-9cd0-298e0f6afe3f,0.5,"[none] The student defines unit of observation as 'a variable value' which conflates the unit with a variable/data point rather than what one row represents. The example doesn't show two different units derivable from the same dataset — it just describes values of a variable across groups. This falls closest to the 'none' tier since it confuses unit of observation with a variable, though I'm giving a small fraction of a point for at least gesturing at data being analyzed."
b64869de-bd7d-4ddf-9f3a-91ae502b8fe3,bd804da3-6f1d-4c07-9cd0-298e0f6afe3f,2,"[partial-low] The student identifies that rejected applicants are excluded from training data, which is the core selection mechanism. However, they frame it as 'omitted variable' (incorrect terminology here) and don't explain the compounding/feedback nature — that the training data narrows over successive retrains and the model becomes progressively blinder to rejected types. The mechanism is partially named but the consequence is vague and the compounding dynamic is missing."
4f68e799-d09d-4cac-b8a5-488e8de5fb1f,bd804da3-6f1d-4c07-9cd0-298e0f6afe3f,3,"[partial] The student captures the core insight that aggregated/combined results differ from individual or disaggregated ones — essentially the 'depends on what's in the model' idea. However, they don't explicitly unify all three phenomena as facets of one operation (conditioning on other variables), and the explanation is somewhat vague. This fits the 'partial' tier: the depends-on-model insight is there but the unifying articulation is weak."
8f588eec-5664-4896-8a16-c33b714fa52e,bd804da3-6f1d-4c07-9cd0-298e0f6afe3f,0,"[none] The student's answer is confused and appears to misread the question — they describe gender as the omitted variable that fixes bias when included, which is the opposite of what the question states (training-attendance is what makes the gender coefficient vanish). They do not identify mediation by training attendance, do not address that the diagnosis shifts upstream, and the reasoning given is incorrect. This falls into the 'none' tier."
f59bddd1-94f2-47da-8216-a649ed5e5983,bd804da3-6f1d-4c07-9cd0-298e0f6afe3f,1,"[minimal] The student correctly identifies bias as a specification/model problem related to wrong variables, but then incorrectly defines variance as 'underfitting' (which is actually bias) and gives the bias fix (adding variables) as the variance fix. This conflates the two concepts rather than distinguishing them. No correct fix for variance is provided, and the explanation of why they're not interchangeable is generic. This fits the 'minimal' tier — names both but conflates them."
909913e2-9991-4cb1-ac35-8e602fe5f004,bd804da3-6f1d-4c07-9cd0-298e0f6afe3f,4,[full] The student articulates that a model can fit training data with a 'wrong rule that happens to work' — this is the multiple-rules-fit-same-data / memorization idea in plain language. They then connect this to the train/test split by noting the test set checks whether the pattern works beyond just the data the model saw. Both rubric components are satisfied.
d66e8ffa-bb1c-4ef8-8165-f1a01da20130,bd804da3-6f1d-4c07-9cd0-298e0f6afe3f,1.5,"[minimal] The student gestures at residuals being useful for further study, but doesn't clearly articulate the key idea that residuals can BE the variable of interest — something unmeasurable made measurable. The example confuses residuals with omitted variables (education being 'left out' is omitted variable bias, not a residual). There's a faint signal of understanding that residuals carry information beyond noise, which lifts it slightly above pure 'minimal,' but the example is incorrect."
60403cf7-802e-4ff9-98ee-b7682c519b51,bd804da3-6f1d-4c07-9cd0-298e0f6afe3f,2,"[partial-low] The student correctly frames high recall (missing a true case is expensive) and gives a valid example (fraud detection). However, they completely omit the precision side — no framing and no example for when high precision matters. Per the rubric, having only one side covered fits the partial-low tier at 2 points."
3112daf7-f185-45ee-beb5-5c1c9b1b7ac8,bd804da3-6f1d-4c07-9cd0-298e0f6afe3f,1,"[minimal] The student gestures at the idea that too many features makes similarity hard to assess, but doesn't articulate the distance-flattening mechanism (that every point becomes equidistant/unique in high dimensions). They also misname the problem as 'high variance' rather than the curse of dimensionality. This earns minimal credit for vaguely sensing that more features causes a problem, without the key intuition or correct name."
b3e0bfd7-85f1-46a7-bd8a-c6a43ec4533d,bd804da3-6f1d-4c07-9cd0-298e0f6afe3f,2.5,"[partial] The first part captures 'dense interactions' — listeners stream many songs, giving Spotify lots of signal, which contrasts with a single loan application. The second part gestures at 'cheap mistakes' (no high-stakes approve/reject in Spotify) but is phrased awkwardly and the contrast isn't fully developed — it's more about stakes/consequences than clearly articulated. Two conditions are named with partial justification, earning above minimal but short of full credit."
aa234383-dbd7-4328-91f4-dc13fd4ae172,bd804da3-6f1d-4c07-9cd0-298e0f6afe3f,0,"[none] The student's answer pivots to bias/variance and variable selection, completely missing the unit-of-analysis mismatch between platform-level accuracy and subgroup (engineering jobs) performance. There is no mention of subgroup breakdowns or why both claims can be simultaneously true. The response does not engage with the core insight of the question."
b0df99c5-5e77-49db-9ff9-aa902a308ef8,bd804da3-6f1d-4c07-9cd0-298e0f6afe3f,3,"[partial] The student correctly identifies that case mix / specialization matters and that you shouldn't draw conclusions without knowing what kinds of cases each doctor handles. However, they don't explicitly articulate Simpson's paradox or the mechanism that B might look worse in aggregate while actually being better on harder cases. The risk statement is muddled and doesn't clearly warn that reassigning could remove the best critical-case doctor. This fits the 'partial' tier: asks the right diagnostic question without the full case-mix/aggregation-reversal insight."
236c4450-2712-4343-b75e-890cfd1a13e1,bd804da3-6f1d-4c07-9cd0-298e0f6afe3f,0,"[none] The student says 'above 0.5' which reverses the correct direction. A higher threshold means fewer flags and more false negatives slipping through, which is the opposite of what the cost asymmetry calls for. Although they correctly identify that FN is costlier than FP, they apply it incorrectly, so per the rubric reversed direction zeros out."
6abde442-f98b-4cb7-abdc-a781c599c620,bd804da3-6f1d-4c07-9cd0-298e0f6afe3f,1,"[minimal] The student notes that recommendations are based on listening history and that unusual songs get disregarded, but does not articulate the self-reinforcing closed-loop mechanism (the model only sees what it surfaces, so popular tracks keep being reinforced). The mitigation ('adding variables' to overcome variance) is vague and misapplied — it doesn't propose exploration, diversity injection, or coverage monitoring. This earns minimal credit for gesturing at popular-songs-dominate but missing the loop and metric-blindspot insight."
3ad1f185-960c-4b3f-bcba-ccbba509db33,bf77a01c-04f7-4d94-9f8c-1ca1550f59b4,4,"[full] The student clearly defines unit of observation as what each row represents and what is being measured. They provide a concrete, well-explained example of the same university dataset supporting two units: student-level vs. course-enrollment-level, even noting that the same student appears multiple times in the second framing. This meets both criteria for full credit."
148775c4-9fe9-4238-a545-2376880e6b9c,bf77a01c-04f7-4d94-9f8c-1ca1550f59b4,4,"[full] The student identifies the feedback loop (model only learns from those it already approved) and explains the compounding consequence (groups become underrepresented, model has less information about them, reinforces original preferences). Both the mechanism and the self-reinforcing consequence are clearly articulated in plain language, satisfying the full-credit criteria."
9609db0d-a95c-4799-b1ae-3d6f6b64202e,bf77a01c-04f7-4d94-9f8c-1ca1550f59b4,4,"[full] The student clearly captures the core insight that the conclusion depends on what variables are included in the model, and recognizes that this same operation underlies all three phenomena (patterns can 'disappear, reverse, or become more accurate' — covering Simpson's reversal, sign-flips, and controlling for confounders). The plain-language framing about correlations being conditional on the underlying structure earns full credit per the rubric."
397dac22-a577-4330-8534-8321824f3dc1,bf77a01c-04f7-4d94-9f8c-1ca1550f59b4,4,[full] The student correctly identifies that the gender effect is absorbed/mediated by training attendance (naming it as omitted variable bias correctly) and explicitly shifts the diagnosis upstream to 'access to or participation in training rather than direct gender discrimination in promotion decisions.' This captures both the mediation insight and the diagnostic shift the rubric requires for full credit. The phrasing 'evidence for promotion bias becomes much weaker' is appropriately cautious rather than falsely concluding no bias exists.
1724ac0b-b4ef-41d9-9a7c-c2c7c29f20ba,bf77a01c-04f7-4d94-9f8c-1ca1550f59b4,4,"[full] The student clearly defines bias as systematic error from a too-simple or misspecified model and variance as sample sensitivity. They provide correct fixes for each: better features/more flexible model for bias, and regularization/more data for variance. The bonus explanation of the tradeoff shows genuine understanding."
e0991535-9a4d-4ab1-a4bb-67967b22ec23,bf77a01c-04f7-4d94-9f8c-1ca1550f59b4,4,[full] The student clearly identifies memorization vs. learning the underlying pattern (the multiple-rules-fit-same-data idea in plain language) and explicitly ties this to the purpose of the train/test split: the test set evaluates whether the model generalizes to unseen data. Both required elements of the full-credit rubric are present.
2eafbbdd-b981-437c-bea1-5b6b505c0661,bf77a01c-04f7-4d94-9f8c-1ca1550f59b4,4,[full] The student clearly articulates the conceptual point that residuals capture meaningful unexplained variation that can reveal hidden factors not captured by measured features. The movie revenue example is concrete and analogous to the soccer auction example — using the residual to construct an unmeasurable like 'word-of-mouth' or 'cultural popularity' from observed patterns. This satisfies both the concept (2 pts) and the concrete example (2 pts) per the rubric.
794a2767-ec1d-4f24-8acf-0b11a4f22a4c,bf77a01c-04f7-4d94-9f8c-1ca1550f59b4,4,"[full] The student correctly frames both sides: high recall when missing positives is costly, high precision when false positives are costly. Both examples are concrete and plausible (cancer screening for recall, spam filtering for executives for precision). This meets the full credit criteria."
8debb7ce-2082-42e7-9f15-09b4d0f5f5a3,bf77a01c-04f7-4d94-9f8c-1ca1550f59b4,4,"[full] The student clearly describes the mechanism: as features grow, distances between points become similar and similarity loses meaning. They also correctly name the curse of dimensionality. This meets the full-credit criteria."
fd32cf19-daeb-4415-9e79-738eaca7d6b9,bf77a01c-04f7-4d94-9f8c-1ca1550f59b4,3.5,"[full] The student clearly identifies two valid conditions: dense interactions ('large amounts of user preference data... collaborative filtering') and cheap mistakes ('recommending the wrong song has little loss... loan decisions cannot tolerate' bad outcomes). Both contrasts are explained, with the cheap-mistakes contrast being especially well-developed (including the bonus insight that bad recommendations even generate useful feedback data). The first condition is slightly fuzzy — it blends 'lots of data' with collaborative filtering rather than crisply naming dense interactions per user — but the contrast with loans (one application) is implied. Strong answer overall, near full credit."
1955e9dc-c5fb-4e8b-9588-63a630e3f4ea,bf77a01c-04f7-4d94-9f8c-1ca1550f59b4,4.5,"[strong] The student clearly identifies the unit-of-analysis mismatch (overall platform average vs engineering subgroup) and requests a specific subgroup breakdown (by job category, with precision and recall). The connection to the shipping decision is somewhat implicit — they say metrics 'should be divided by subgroup' before deciding, which gestures at the decision link but doesn't explicitly state that the action happens at the subgroup level. Awarding between strong and full."
3bc34ca8-4357-4eb6-b912-2400ea39436b,bf77a01c-04f7-4d94-9f8c-1ca1550f59b4,4.5,"[full] The student correctly names Simpson's paradox/confounding, asks the right diagnostic question (break down by case severity), and explains the mechanism clearly. They imply but don't fully spell out the consequence of reassignment (removing potentially the best critical-case doctor), so I'm awarding just shy of full credit. Strong answer overall."
e0eda66c-586e-423b-8ef1-046f3d5a71a0,bf77a01c-04f7-4d94-9f8c-1ca1550f59b4,5,"[full] The student correctly answers 'lower than 0.5', explicitly identifies the cost asymmetry ($800 vs $20), and ties the threshold to the action (lowering threshold increases recall and reduces missed fraud). All three rubric components for full credit are met, even without computing the breakeven."
0384f08a-56e8-4f94-8208-c98856af3cfc,bf77a01c-04f7-4d94-9f8c-1ca1550f59b4,4,"[strong] The student clearly identifies the closed-loop/popularity feedback mechanism and proposes a solid mitigation (exploration / diversity injection). However, they don't explicitly explain why the standard metrics still look good — the blindspot that the model is evaluated only on items it surfaces. Per the rubric, naming the mechanism and mitigation without the metric-blindspot insight earns 4 points."
b3456a79-5b6a-4a9a-b3f5-9dd6a8827afd,c829eb08-1ff8-4063-b5a0-65eafe5f28d5,4,"[full] The student clearly defines unit of observation as what each row represents and provides solid examples (customer, transaction, day). They give a concrete two-unit example from a retail sales dataset (transaction level vs. customer level), satisfying both rubric requirements for full credit."
e0edbc7d-e09d-4d04-89b8-8451c655e89f,c829eb08-1ff8-4063-b5a0-65eafe5f28d5,4,"[full] The student clearly identifies the selection mechanism (rejected applicants disappear from outcome data) and explains the compounding consequence (each retraining cycle narrows the population further, creating a feedback loop). They also note that no one programmed it — it emerges from the selection rule itself. This satisfies both halves of the full-credit rubric in plain language."
8e790771-3659-408a-b314-9ddcd6f93b35,c829eb08-1ff8-4063-b5a0-65eafe5f28d5,4,"[full] The student articulates the core insight that the conclusion depends on what's in the model and what is held constant, and explicitly unifies all three phenomena as facets of the same operation (aggregation vs. conditioning). The closing line about 'what is being held constant and what unit of observation' captures the conditional-on-specification nature of the lesson. This meets the full-credit criteria."
dc0212eb-d692-4541-aff4-8aee6ab1ba3e,c829eb08-1ff8-4063-b5a0-65eafe5f28d5,4,[full] The student correctly identifies that the gender coefficient was absorbing training-attendance differences (mediation) and that within-attendance comparisons show no gender effect at the promotion step. They also make the diagnostic shift explicit: bias may live upstream in training access rather than at the promotion decision. This hits both halves of the full-credit rubric.
b1fa59c7-9fe7-46f0-8800-0e34f320c9f5,c829eb08-1ff8-4063-b5a0-65eafe5f28d5,4,[full] The student clearly defines bias as systematic error from simplifying assumptions and variance as sensitivity to training data fluctuations. They explain why the two are not interchangeable by pointing to different sources (model capacity vs. data sensitivity). They provide a valid fix for each: increase model complexity for bias and regularization for variance. Meets all criteria for full credit.
40764272-da0f-49a5-a3cd-52ad0484c5bb,c829eb08-1ff8-4063-b5a0-65eafe5f28d5,4,"[full] The student clearly articulates that perfect training fit may reflect memorization of noise/quirks rather than learning the underlying relationship, which captures the multiple-rules-fit-the-same-data idea in plain language. They also explicitly connect this to the train/test split as the diagnostic: held-out data reveals whether the model generalized or just memorized. Both rubric components for full credit are present."
a0013d5b-6fc5-4db4-a7b4-aedf8d9cdef0,c829eb08-1ff8-4063-b5a0-65eafe5f28d5,4,"[full] The student clearly states the conceptual point that residuals capture something the model didn't explain and can reveal hidden value worth measuring. They provide the soccer auction example with celebrity appeal/brand value as the constructed unmeasurable, and explicitly note this is what the business wants to measure. This satisfies both halves of the rubric for full credit."
d76cc084-d9f2-4032-8dee-0114a1b1e372,c829eb08-1ff8-4063-b5a0-65eafe5f28d5,4,"[full] The student correctly frames both sides: high recall when missing a true positive is costly, high precision when acting on a false positive is expensive/intrusive. Both examples are concrete and plausible — fraud detection for recall and high-value sales prospecting for precision. The reasoning shows clear understanding of the tradeoff."
b6946741-6ac1-4674-8cd5-0cb64392fb89,c829eb08-1ff8-4063-b5a0-65eafe5f28d5,4,"[full] The student clearly describes the mechanism: as features grow, points spread out and distances flatten so everyone looks equally far apart, making nearest-neighbor meaningless. They also correctly name the curse of dimensionality and connect it to clustering/recommendation. This meets the full-credit criteria."
c763dd80-06d7-443b-ac32-89bd69b88d46,c829eb08-1ff8-4063-b5a0-65eafe5f28d5,3,"[partial] The student clearly identifies 'cheap mistakes' (low risk / minor inconvenience vs. high-stakes losses) with a strong Spotify-vs-loan contrast. The second condition, 'feedback-rich environment' (skips/likes), gestures toward dense interactions, but the contrast with loans isn't explicitly drawn — they pivot to stakes and explainability rather than explaining that a loan applicant only has one application's worth of feedback. So one condition is fully justified with contrast and the second is named but under-justified, fitting the 'partial' tier."
275248dc-536f-41e0-9a4c-4e7bb726466e,c829eb08-1ff8-4063-b5a0-65eafe5f28d5,5,"[full] The student clearly names the unit-of-analysis mismatch (aggregate platform vs. engineering subgroup) and explains how aggregate accuracy can mask poor subgroup performance. They request a specific subgroup breakdown (confusion matrix / precision / recall by job family, especially engineering) and connect it to the shipping decision via the cost of wrong recommendations in that segment. This satisfies all three full-credit criteria."
020c7f58-ec3c-4a7e-ac60-6ff7e6892fce,c829eb08-1ff8-4063-b5a0-65eafe5f28d5,5,"[full] The student names Simpson's paradox explicitly, asks the correct diagnostic question (breakdown by case severity and risk factors), and articulates the risk clearly: reassigning would move critical patients away from a doctor who may be best suited for them. Bonus insight on unit of observation and risk-adjustment. Meets all three criteria for full credit."
8b769f35-9e53-4c84-9fd7-cf3e6714cbaf,c829eb08-1ff8-4063-b5a0-65eafe5f28d5,5,"[full] Student correctly answers 'lower than 0.5', explains the cost asymmetry (FN much more expensive than FP), and ties the threshold choice to the business action (flag more, accept more customer service cost, favor recall). This satisfies all three full-credit criteria even without computing the explicit breakeven."
65cd3dc1-313a-493d-aa2b-51ac671c0500,c829eb08-1ff8-4063-b5a0-65eafe5f28d5,5,"[full] The student clearly identifies the closed-loop/popularity feedback mechanism (recommended songs get more listens, reinforcing confidence). They explain why metrics still look good (popular tracks are 'safe predictions' and the system starves niche songs of exposure, implying the metric blindspot). They also propose reasonable mitigations: reserved exploration slots and monitoring catalog coverage. All three rubric components are met."
ba34594c-661a-447c-8cc8-8ea8c543f64e,cd6233ec-192e-449f-a012-129abfd7eaf7,2,"[partial-low] The definition is correct — the student clearly says a unit of observation is what each row represents. However, the example misses the key idea: that the SAME dataset can be analyzed at two different levels (e.g., event vs candidate). Instead, the student describes different datasets that could share a feature, which doesn't demonstrate understanding of how one dataset supports multiple units of observation through grouping/aggregation."
90798549-b2c3-4c78-ab37-1a87804f098b,cd6233ec-192e-449f-a012-129abfd7eaf7,3.5,"[full] The student correctly identifies the feedback loop mechanism (rejected applicants are never seen) and the consequence (model biases toward applicants similar to previously-approved ones). The answer is slightly light on the compounding/narrowing-over-time aspect — it implies it with 'feedback loop' but doesn't explicitly say the bias worsens with each retrain. Still, the core mechanism and consequence are both present, warranting near-full credit."
bd39e1d1-cd62-451a-b988-ed340424545c,cd6233ec-192e-449f-a012-129abfd7eaf7,1.5,"[minimal] The student gestures at the idea that data can mislead and that other factors matter, but doesn't articulate the core insight that conclusions depend on what's in the model/level of analysis. They also don't unify the three phenomena as facets of one operation. This is more than 'unrelated tricks' but well short of capturing the 'depends on the specification' lesson, so I'm placing it between minimal and partial-low."
fdc349b3-1ac5-4ab9-a933-917f31077427,cd6233ec-192e-449f-a012-129abfd7eaf7,4,"[full] The student correctly identifies that training-attendance absorbs/mediates the gender effect (calling it a confounder) and explicitly reframes the diagnosis: it's not that one gender is less likely to be promoted, but that one gender attends training less, which then affects promotion. This captures both the mediation insight and the shift in where the problem actually lives (upstream at attendance), satisfying the full-credit criteria."
b2eca195-1655-4aca-9dd1-b206d057364b,cd6233ec-192e-449f-a012-129abfd7eaf7,0,"[none] The student reverses the definitions: bias actually causes underfitting and variance causes overfitting, not the other way around. Additionally, the proposed fix for bias ('larger training dataset') is explicitly flagged as a wrong answer since more data does not fix specification/omitted-variable bias. Per the rubric, reversing definitions warrants 0 points."
e4ef8527-f47f-4a98-9ffe-ff6a35431525,cd6233ec-192e-449f-a012-129abfd7eaf7,4,"[full] The student clearly identifies memorization as the alternative to learning the pattern (memorization vs generalization) and connects the train/test split to evaluating on unseen data to verify generalization. Both rubric components are present, even if the 'multiple rules fit the same data' idea is expressed via memorization rather than explicitly. This meets the full-credit bar."
4172322b-b35f-46cb-93f5-7e728d686eaf,cd6233ec-192e-449f-a012-129abfd7eaf7,2,"[partial-low] The student gestures at the idea that residuals carry signal beyond the model (suggesting missing features), which is partially aligned with the conceptual point that residuals can be informative. However, they don't quite reach the key insight that residuals can BE the variable of interest — a constructed measure of something unmeasurable. The example is also somewhat off: a missing feature like sex would mainly bias coefficients, and the example doesn't show residuals being used to measure something interesting. Credit for being on the right track but missing the core 'construct an unmeasurable' idea."
14839fab-d0e2-449d-9473-1fede7e98a9c,cd6233ec-192e-449f-a012-129abfd7eaf7,4,"[full] The student correctly frames both sides of the trade-off: high recall when false negatives are costly, high precision when false positives are costly. The infectious disease example clearly illustrates the recall side. The fraud-flagging example for precision is reasonable, though the cost framing is a bit muddled (the example actually argues for recall since missing a scammer costs more) — but the underlying concept of trust/cost of false-flagging a customer aligns with the precision rationale. Overall both sides are framed correctly with concrete examples."
aedd999c-aeca-43e0-a1ff-f44de1667bde,cd6233ec-192e-449f-a012-129abfd7eaf7,2,"[partial-low] The student captures the core mechanism intuition — as more features are added, it becomes increasingly unlikely any two observations look alike — using a reasonable coin-vs-dice analogy. However, they do not name the curse of dimensionality, and they don't quite articulate the distance-flattening consequence for 'similarity' (they describe uniqueness but not why nearest-neighbor breaks down). Calling it 'over-complexity of features' is vague rather than the correct name, so this lands at partial-low."
7aaa2b06-7bfe-45ae-88d8-dea1bb57ba31,cd6233ec-192e-449f-a012-129abfd7eaf7,2,"[partial-low] The student correctly identifies 'cheap mistakes' as one condition and contrasts a low-cost wrong song recommendation appropriately, which earns solid credit. The second condition ('categorical rather than numerical') is not one of the four conditions and doesn't map cleanly to latent taste, dense interactions, or vast catalog—it reflects a misunderstanding of why recommenders fit Spotify. So one condition is named and justified, but the second is off-target, placing this between minimal and partial-low."
6785681f-5681-47dc-9fe4-223d11aa9a03,cd6233ec-192e-449f-a012-129abfd7eaf7,4,"[strong] The student correctly identifies the aggregate-vs-subgroup mismatch (high accuracy in some industries averaging down with poor performance in others) and requests a specific subgroup breakdown by job category. However, they don't explicitly connect this to the shipping decision — i.e., that since recruiters act at the job-category level, the metric should match that unit. This puts the answer at the strong (4) tier rather than full (5)."
a74be143-1113-41d1-9078-a7f78fe88163,cd6233ec-192e-449f-a012-129abfd7eaf7,5,"[full] The student names Simpson's paradox explicitly, identifies the case-mix mechanism (Doctor B may be doing harder procedures), and asks a diagnostic question that gets at severity-adjusted comparison. They also articulate the risk: B may actually be equally or more skilled on comparable cases, which implies reassignment would be a mistake. All three rubric elements are present."
2550b1b5-67ac-4d55-ab57-d66b0b5a7f35,cd6233ec-192e-449f-a012-129abfd7eaf7,5,"[full] Student correctly answers 'lower than 0.5', identifies the 40x cost asymmetry, and connects this to the action (prioritizing reduction of false negatives). This satisfies all the criteria for full credit per the rubric: correct direction, cost asymmetry explained, and reasoning tied to threshold action."
6ac00ac5-083c-40a8-a662-95eba15901f6,cd6233ec-192e-449f-a012-129abfd7eaf7,3.5,"[strong] The student clearly identifies the feedback loop mechanism (recommends -> listens -> recommends same) which is the core closed-loop insight. They propose a mitigation (weighting by listening duration/frequency to distinguish genuine preference from recommendation-induced listening), which is a reasonable if somewhat indirect remedy. However, they don't explain why standard metrics still look good, which keeps them from full credit. Scoring between strong (4) and partial (3) since the mitigation is creative but not as clean as exploration/coverage monitoring."
ba269a5e-ccc8-46b7-82d6-c6a97fa1677f,e5ebc0fe-33b4-4fea-b289-8de3d0ac20fe,1,"[minimal] The definition ('the thing we focus on') is vague and doesn't clearly convey that the unit is what one row represents. The example confuses unit of observation with variables/features (loan amount, gender of applicants) rather than showing two different levels of analysis (e.g., loan-level vs applicant-level). This matches the 'minimal' tier — some gesture at the concept but the example is wrong."
3b4fbd23-f3d0-435c-93c8-2615030531cb,e5ebc0fe-33b4-4fea-b289-8de3d0ac20fe,2.5,"[partial] The student correctly identifies the selection mechanism — that the model only sees approved applicants and ignores rejected ones, narrowing the training data. However, they don't explain the compounding/feedback consequence over successive retrains (that bias gets worse over time, not just that data is narrow). This sits between partial-low (2) and partial (3); I'm awarding 2.5 because the mechanism is clearly stated but the 'progressively' part of the question is not addressed."
1633e9cd-1ae8-4a80-b56a-82bd643c34c0,e5ebc0fe-33b4-4fea-b289-8de3d0ac20fe,2,"[partial-low] The student captures part of the insight — that conclusions can flip depending on whether you look at aggregated or subgroup data. However, they don't unify all three phenomena (Simpson's, sign-flip, controlling for a confounder) as facets of the same operation, nor articulate that the answer depends on the model specification. It's a one-dimensional take on the lesson."
3c999305-536b-40bd-895a-ec6c61be0360,e5ebc0fe-33b4-4fea-b289-8de3d0ac20fe,1,"[minimal] The student vaguely notes that training-attendance also impacts promotion, which is on the edge of 'training matters more than gender' without engaging with the diagnosis. They don't explain that the gender effect is mediated/absorbed by attendance, nor do they discuss what this means for the bias diagnosis or where the remedy should be located. The first sentence is also confused/unclear about what the simple model shows."
cd737790-bcb0-412f-afcf-4ad8ed502a84,e5ebc0fe-33b4-4fea-b289-8de3d0ac20fe,0,"[none] The student reverses the definitions, explicitly stating 'Bias comes from the data; variance comes from the model,' which is the opposite of correct. While the first line gestures at bias as specification-related, the second line contradicts it and shows confusion. No fixes are provided for either problem. Per the rubric, reversing the definitions earns 0 points."
c0a0a09e-5a21-4cbb-ad76-b93f71ef5ce6,e5ebc0fe-33b4-4fea-b289-8de3d0ac20fe,1.5,"[partial-low] The student gestures at the idea that fitting one training example doesn't mean the model captures the general pattern (touching on the memorization-vs-generalization concern), but the explanation is muddled — they describe the example as a 'special case' rather than explaining that multiple rules can fit the same data. Critically, they never connect this to the train/test split or explain what a held-out test set is for. This lands between minimal and partial-low."
c8e3e81e-0995-4eac-a9b9-478149938006,e5ebc0fe-33b4-4fea-b289-8de3d0ac20fe,1,"[minimal] The student treats residuals as a measure of model accuracy/error rather than engaging with why residuals can be interesting in their own right (i.e., as a constructed variable capturing something unmeasurable like celebrity appeal). The example about convenience stores and house pricing just restates that residuals show prediction gaps, not that the unexplained portion carries meaningful signal. This fits the 'minimal' tier: defines residuals as leftover error without engaging with why they're useful."
aa322167-1a9d-4343-88ed-70163f63a950,e5ebc0fe-33b4-4fea-b289-8de3d0ac20fe,0,"[none] The student's answer does not actually address when to prefer high recall vs. high precision. It appears to be a fragment defining recall in a churn context but never explains the trade-off, never gives a precision example, and never connects the metrics to cost-of-miss vs. cost-of-false-alarm. No concrete business examples for either side are provided."
356025e8-8a25-4607-a387-19ef3cfbd217,e5ebc0fe-33b4-4fea-b289-8de3d0ac20fe,3,"[partial] The student correctly describes the mechanism: every customer becomes unique when there are many features, making it hard to find similar ones. However, they call it 'Dimension problems' rather than the proper name 'curse of dimensionality.' Per the rubric, mechanism present but name shaky/missing earns 3 points."
62b4391b-891e-46c3-936e-c8b7ea115f1a,e5ebc0fe-33b4-4fea-b289-8de3d0ac20fe,2,"[partial-low] The student identifies the 'cheap mistakes' condition with a clear contrast (loan errors are very costly, implying Spotify mistakes are not), which earns credit. The second point about Spotify combining 'lots of metrics' is vague and doesn't clearly map to latent taste, dense interactions, or vast catalog, nor does it contrast with loans. So one condition is named and justified well, and the second is weak — fitting the partial-low tier."
0c98cf43-9da1-4d70-8f44-3c9b3bd8c469,e5ebc0fe-33b4-4fea-b289-8de3d0ac20fe,2,"[partial-low] The student correctly identifies that both can be true and gestures at the overall vs. specific distinction, which shows partial understanding of the unit-of-analysis idea. However, they don't clearly name the aggregate-vs-subgroup framing, and critically, the additional information they request (cost of wrong recommendations) is not the right diagnostic — they should have asked for a subgroup performance breakdown. This misses the key analytical move the rubric rewards."
343d04c3-ec61-400d-84a6-f115b5be6040,e5ebc0fe-33b4-4fea-b289-8de3d0ac20fe,4.5,"[strong-plus] The student correctly identifies the case-mix mechanism in plain language: Doctor B may be treating more severe cases, making 75% actually impressive, while A treats easier cases. They ask the right diagnostic question (what leads to the different rates) and explain the mechanism well. They don't explicitly state the consequence — that reassigning critical cases away from B could remove the best critical-case doctor — so I'm awarding between strong (4) and full (5)."
0bfd1046-d7b8-4434-9b9f-cf8ee3953649,e5ebc0fe-33b4-4fea-b289-8de3d0ac20fe,4,"[strong] The student correctly answers 'lower than 0.5' and identifies the cost asymmetry between false positives and false negatives. However, the explanation is abbreviated — it doesn't quantify the 40x difference or clearly tie how a lower threshold leads to flagging more cases. This matches the 'strong' tier criteria."
f998be66-cf54-4fa7-8962-980c9fd808db,e5ebc0fe-33b4-4fea-b289-8de3d0ac20fe,2,[partial-low] The student gestures at a feedback-like idea (the model keeps using historical data and narrows what it sees) but doesn't clearly articulate the closed-loop / rich-get-richer mechanism where surfaced items get more interactions and become more recommended. The mitigation ('input new data' and try to surface unusual songs) is vague but in the right direction of exploration/diversity injection. There's no acknowledgment of why standard metrics still look good. This fits the partial-low tier: vague feedback reasoning with a weak mitigation.
00d37c45-838b-4179-a215-ff078c5caab9,f26faab0-bc41-4968-8e30-3eca2745cac0,1.5,"[minimal] The student correctly identifies that the unit of observation is what each row represents, which satisfies the definition portion. However, the example given (a person, a car) just lists possible units rather than showing how the SAME dataset could support TWO different units of observation. This misses the key analytical move of the question, placing it between minimal (definition okay, no real example) and partial-low."
6f2b249c-53f7-4e73-90e8-c3435f50caf7,f26faab0-bc41-4968-8e30-3eca2745cac0,2.5,"[partial] The student correctly identifies the selection mechanism — that only approved applicants are used in training while rejected applicants are excluded. However, the answer doesn't clearly explain the compounding/feedback aspect: that retraining repeatedly on this narrowing slice makes the model progressively more biased over time. The mechanism is named but the 'why it gets worse over successive retrains' piece is underdeveloped, placing this between partial-low and partial."
ea1561ee-8e6c-4adb-b8e3-04b1fceeadf4,f26faab0-bc41-4968-8e30-3eca2745cac0,0,"[none] The student's answer is just 'theI', which is not a substantive response. It does not address the question or demonstrate any understanding of the underlying lesson connecting the three phenomena."
b6257099-42ca-472c-821d-8ff6457e0316,f26faab0-bc41-4968-8e30-3eca2745cac0,1,"[minimal] The student vaguely notes that gender alone isn't sufficient and that more variables should be included, but doesn't engage with the actual diagnosis question. They don't mention that the gap is mediated/absorbed by training attendance, nor do they discuss what this means for whether bias exists or where it might be located. This aligns with the 'minimal' tier — gesturing at 'more than gender matters' without engaging with the diagnosis."
a0f2452d-9942-40a5-a3b9-6b19ca11b95f,f26faab0-bc41-4968-8e30-3eca2745cac0,1.5,"[minimal] The student's first attempt conflates the two concepts vaguely ('measurement of the data types', 'accuracy between training and test'), which is not quite right. They do recover somewhat by stating 'bias is a specification problem; variance is sample sensitivity' — which echoes the correct definitions, though without elaboration suggesting deep understanding. Critically, no fixes are provided for either bias or variance, so this falls below the partial-low tier and lands at minimal."
331a95f9-653c-47bb-9366-5def95167951,f26faab0-bc41-4968-8e30-3eca2745cac0,1,"[minimal] The student gestures at the idea that training fit alone may not transfer to test data, but the explanation conflates this with selection bias (the hospital example is about training on filtered data, not about multiple rules fitting the same training set). They don't articulate the memorization-vs-generalization point or explain what the test set actually reveals. This earns minimal credit for acknowledging that test performance matters but missing the core reasoning."
30c7bf54-7c8b-4d8c-bce8-430ce1c8d493,f26faab0-bc41-4968-8e30-3eca2745cac0,2,"[partial-low] The student grasps the conceptual point that residuals contain 'special' information beyond what the standard coefficients capture, which aligns with the idea that residuals can carry signal of interest. However, the answer is abstract and gives no concrete example (no soccer auction, teacher value-added, or analogous case). Per the rubric, conceptual point present but example missing/vague earns partial-low credit."
3aae167e-9637-4d0c-b2f0-b61da6ffdb2d,f26faab0-bc41-4968-8e30-3eca2745cac0,0,"[none] The student's answer does not demonstrate understanding of the precision/recall tradeoff. There is no framing of cost-of-miss vs cost-of-false-alarm, no business examples, and the statement about 'professional information' is not coherent with the concept. This fails to meet even the minimal tier, which requires defining recall and precision."
aaa27ed4-e28e-4bfa-851b-b2f815b15fd2,f26faab0-bc41-4968-8e30-3eca2745cac0,1.5,"[minimal] The student gestures at the right intuition — that similarity weakens as dimensions grow — but doesn't explain the mechanism (distances flattening / every point becoming unique) and doesn't name the curse of dimensionality. It's slightly more than the 'minimal' tier since they correctly identify that similarity itself degrades, but it lacks both the explanatory depth and the name needed for partial credit."
f58e36b9-c4e8-4084-9af5-5b206fb4401d,f26faab0-bc41-4968-8e30-3eca2745cac0,0,"[none] The student's answer 'Niche part and general recommendation' does not name any of the four conditions (latent taste, dense interactions, vast catalog, cheap mistakes) and provides no Spotify-vs-loan contrast. The phrases are too vague to map onto a recognizable condition, and there is no justification provided. This does not meet even the minimal tier."
fc5bf5f5-e91f-4584-865c-5917de0a0d8d,f26faab0-bc41-4968-8e30-3eca2745cac0,0,"[none] The student misidentifies the issue as a selection/sampling problem about engagement levels, rather than recognizing the unit-of-analysis mismatch between platform-wide accuracy and engineering-subgroup accuracy. They don't request subgroup performance breakdowns or connect to the decision. This misses the core insight that both claims can be true at different units."
3ae7d91d-a8d7-4e1e-875d-3730df007382,f26faab0-bc41-4968-8e30-3eca2745cac0,3,"[partial] The student asks about case severity ('serious level') which is the right diagnostic move toward case-mix comparability, earning partial credit. However, they don't articulate Simpson's paradox or the mechanism (aggregate can reverse when conditioning on severity), nor do they state the risk of reassigning the best critical-case doctor. The sample size question is secondary. This fits the 'partial' tier at 3 points."
608aa77f-6280-4dc2-95d6-ec778db23d7d,f26faab0-bc41-4968-8e30-3eca2745cac0,0,"[none] The student selected 'exactly 0.5 because that's the standard convention,' which is exactly the trap flagged in the rubric. There is no engagement with the cost asymmetry between false positives ($20) and false negatives ($800). Per the rubric, this answer scores 0."
59594296-4b98-4ae2-9e80-4c41badee32d,f26faab0-bc41-4968-8e30-3eca2745cac0,1,"[minimal] The student vaguely points to popularity bias ('tracks the tastes of the most popular audiences') but does not articulate the closed-loop/feedback mechanism where the model's own recommendations reinforce themselves. They also do not explain why standard metrics still look good, and they propose no mitigation. This matches the 'minimal' tier."
95ed49ee-c6cd-43ed-8b81-5cbef850dfa0,f75e4795-61f9-4af3-8d55-971528627d4d,4,"[full] The student clearly defines unit of observation as what each row represents, matching the rubric's full-credit definition. They provide a concrete example with two distinct units (customer vs transaction) derivable from the same sales dataset, which directly parallels the model answer's event/candidate distinction."
e8205e0b-ef60-45b9-8025-f837918192dc,f75e4795-61f9-4af3-8d55-971528627d4d,3,"[partial] The student correctly identifies the feedback loop (model only learns from approved applicants) and gestures at the compounding consequence ('keeps repeating the same approval pattern and becomes more biased'). However, the explanation of the compounding mechanism is somewhat vague — they don't fully articulate that training data narrows over time or that the model becomes blinder to rejected applicants. Solid partial credit at 3 points."
133b5902-581d-4e74-a819-ab0dd92ef55a,f75e4795-61f9-4af3-8d55-971528627d4d,2,"[partial-low] The student captures the idea that a simple relationship can be misleading when another variable is involved and that controlling for it changes the conclusion. However, they don't explicitly unify all three phenomena (Simpson's paradox, sign-flip, controlling for) as facets of the same operation, nor do they articulate that the answer depends on the model specification or level of analysis. It also leans slightly toward the 'just control for confounders' framing rather than the more subtle conditional-on-specification insight."
e55c6de4-d864-4294-b67e-978d67ead588,f75e4795-61f9-4af3-8d55-971528627d4d,3,"[partial] The student correctly identifies that the gender effect is absorbed by training attendance and that the gap appears tied to attendance rather than gender at the promotion step. However, they don't take the next step of noting that the diagnosis/remedy shifts upstream — that the bias may still exist but in whatever drives attendance differences. This matches the 'partial' tier: strong recognition of the mediation but missing the diagnostic shift."
9c63018d-002a-40ed-9b07-98575612b268,f75e4795-61f9-4af3-8d55-971528627d4d,4,"[full] The student correctly defines bias as a model specification problem ('too simple/wrong') and variance as overfitting/sample sensitivity. They provide a valid fix for each: adding variables/better model for bias, and simplifying or more data for variance. All three rubric components are met for full credit."
1edbe908-f062-4ae6-8e0d-72b40bfa03f5,f75e4795-61f9-4af3-8d55-971528627d4d,4,"[full] The student captures both required pieces: that perfect training fit can come from memorization rather than learning the pattern, and that the train/test split exposes this by checking performance on held-out data. While they don't explicitly say 'multiple rules can fit the same data,' the memorization-vs-pattern framing is the plain-language equivalent the rubric accepts. The connection to overfitting via the train/test gap is clearly articulated."
f532d4b2-7647-4b9a-ac9b-489fb97ccc14,f75e4795-61f9-4af3-8d55-971528627d4d,4,[full] The student articulates the conceptual point that residuals can reveal hidden factors not captured by the model (not just noise). The salary example is concrete and analogous to the soccer/cricket celebrity-appeal example — using the residual to construct an unmeasured variable like negotiation skill or special experience. This satisfies both the concept (2 pts) and a clear example (2 pts).
ea20054c-12cc-4bc7-a598-dac024cbee12,f75e4795-61f9-4af3-8d55-971528627d4d,4,"[full] The student correctly frames both sides: high recall when missing positives is costly, high precision when false alarms are costly. Each side has a plausible concrete example (fraud detection for recall; targeted churn coupons for precision). This meets the full-credit criteria of correct framing plus examples on both sides."
f44b41de-e5a7-44ce-8dff-f5c1368cd458,f75e4795-61f9-4af3-8d55-971528627d4d,4,"[full] The student describes the mechanism in plain language ('customers spread out in many dimensions, so almost no one looks truly close anymore'), which captures the distance-flattening intuition. They also correctly name the curse of dimensionality. This satisfies both components of the full-credit rubric."
91fa11ee-4ba4-475b-a811-a7cad7a1f145,f75e4795-61f9-4af3-8d55-971528627d4d,4,"[full] The student names two valid conditions (dense interactions — 'many repeated choices' vs 'fewer repeated decisions'; and cheap mistakes — 'easy to skip' vs 'high stakes'). Both are clearly contrasted between Spotify and loan approval with sensible justifications. Plain-language naming is acceptable per the rubric, so this earns full credit."
ce0950c9-d69a-479e-9a41-24a17f5ec02d,f75e4795-61f9-4af3-8d55-971528627d4d,4,"[strong] The student correctly identifies the unit-of-analysis mismatch in plain language ('overall accuracy can hide subgroup performance') and requests the right diagnostic (accuracy broken down by job category, specifically engineering). However, they don't explicitly connect this to the shipping decision — i.e., that the action is taken at the subgroup level so the metric should match. This fits the 'strong' tier at 4 points."
b4968602-63e9-4805-8a9d-8688649f72a9,f75e4795-61f9-4af3-8d55-971528627d4d,4.5,"[full] The student correctly names Simpson's paradox/confounding, asks the right diagnostic question (whether B treats more severe cases), and explains the mechanism (B may look worse only because of harder cases). They don't explicitly state the consequence of reassignment (losing the best critical-case doctor), so I'm deducting half a point — but the answer is otherwise complete and demonstrates strong understanding."
69d3631b-9565-4949-8b16-fad4249afb0f,f75e4795-61f9-4af3-8d55-971528627d4d,5,"[full] The student correctly answers 'lower than 0.5', explains the cost asymmetry (FN much more expensive than FP), and clearly ties the threshold decision to the action of flagging more transactions. While they don't compute the exact breakeven (~0.025), the rubric awards full credit for the correct direction, asymmetry explanation, and threshold-to-action connection."
eeb6f8c0-555e-49ea-bac5-e8490db1a5f8,f75e4795-61f9-4af3-8d55-971528627d4d,4,"[strong] The student clearly identifies the closed-loop/feedback mechanism ('popular songs get more recommendations, so they get more listens, making them even more popular') and proposes a reasonable mitigation (exploration slots for new/unusual songs). However, they don't address why the standard metrics still look good despite the problematic behavior, which is required for full credit per the rubric."
1b340af0-d935-445a-80d7-fe8cd2618218,ff3d92c2-eba8-49a4-b56e-0b4c8cbd2f08,1.5,"[minimal] The student gives a brief and somewhat correct definition ('what one row in the dataset' represents), though it's grammatically incomplete. Critically, no example is provided of how the same dataset could support two different units of observation. This falls between minimal (definition gestured at, no example) and partial-low, so I'm awarding 1.5 points."
1cee3237-b334-43b3-b7d7-af8d866d58dc,ff3d92c2-eba8-49a4-b56e-0b4c8cbd2f08,3,"[partial] The student correctly identifies the feedback loop mechanism (only approved applicants generate outcomes, rejected ones are ignored) and notes the consequence (data becomes less representative, model more biased). However, the explanation of compounding over time is brief and somewhat vague — they don't clearly articulate that bias worsens with each retraining cycle as the training set narrows further. Solid understanding but missing the explicit compounding piece for full credit."
977a2b63-a461-4fdb-8e1e-ceb2c84894fc,ff3d92c2-eba8-49a4-b56e-0b4c8cbd2f08,3,"[partial] The student captures the core insight that conclusions depend on how you look at the data or which variables are included. However, the answer is very brief and doesn't explicitly unify all three phenomena (Simpson's, sign-flip, controlling for) as facets of the same operation. It hits the main idea but lacks elaboration, fitting the 'partial' tier at 3 points."
4576f2e8-5496-4627-b011-de6087e5fcf3,ff3d92c2-eba8-49a4-b56e-0b4c8cbd2f08,1.5,"[minimal] The student gestures at the right idea — that training attendance, not gender itself, is driving the gap — but the phrasing is confused ('there is gender bias in promotions because training attendance') and they don't explain what this means for the diagnosis or remedy. It's slightly more than the 'minimal' tier because they do hint at the mediation, but it falls short of the 'partial-low' tier which requires clearly noting the gap disappears once attendance is included."
f8d4a43d-c7f7-42f0-9676-7ad888f1c4fc,ff3d92c2-eba8-49a4-b56e-0b4c8cbd2f08,4,"[full] Student correctly defines bias as the model learning the wrong relationship (specification error) and offers the correct fix of adding the right variable. They also identify variance as overfitting and propose more data as a fix, which is a valid remedy. Despite typos, all four required pieces are present."
1e20e23b-ad67-42c7-8de9-61e09d113f2d,ff3d92c2-eba8-49a4-b56e-0b4c8cbd2f08,2,"[partial-low] The student correctly identifies the memorization vs. learning distinction (the core concept). However, they do not connect this to the train/test split at all — there's no mention of a held-out set or how new data exposes whether the rule generalizes. Per the rubric, having the concept but missing the train/test connection lands at partial-low (2 pts)."
5d9f9fb8-3728-4c43-ba0f-a1ab5d94554f,ff3d92c2-eba8-49a4-b56e-0b4c8cbd2f08,4,"[full] The student articulates the key conceptual point that residuals can reveal hidden/unmeasurable factors the model cannot directly capture. They provide the soccer auction example with celebrity appeal as the residual after performance is explained, which matches the canonical example. Despite brevity and typos, both required pieces are present."
dfff2812-0296-4021-9e1b-ada10d3ac716,ff3d92c2-eba8-49a4-b56e-0b4c8cbd2f08,0,"[none] The student's answer is essentially blank — they only wrote the prompts 'prefer high recall when' and 'prefer high precision when' without any content following. There is no framing of the trade-off and no examples provided, so there is nothing to credit."
9f58bd1b-95a5-4d7a-8e13-77f97def035c,ff3d92c2-eba8-49a4-b56e-0b4c8cbd2f08,2,"[partial-low] The student captures the core mechanism in plain language — every customer becomes unique and similarity becomes hard to measure — which is the key intuition. However, they do not name the problem (curse of dimensionality), and the elaboration is very brief without explaining why distances flatten. This fits the partial-low tier: mechanism present but shaky, and name missing."
069c5888-af70-4a5e-85c9-47f1efd9d67f,ff3d92c2-eba8-49a4-b56e-0b4c8cbd2f08,4,"[full] The student names two valid conditions: dense interactions ('user interactions') and cheap mistakes ('mistakes are cheap because people can easily skip songs'). They contrast both with loans by noting loan mistakes are costly, and the implication is that loans lack the dense interaction history. The explanation is brief but hits both conditions with the Spotify-vs-loan contrast."
01eef78e-4720-4c73-9ed6-458472b22012,ff3d92c2-eba8-49a4-b56e-0b4c8cbd2f08,2,"[partial-low] The student correctly identifies that both can be right because the platform average hides subgroup performance. However, they don't explicitly frame this as a unit-of-analysis mismatch, don't request a specific subgroup breakdown as additional information, and don't connect it to the shipping decision. This fits the partial-low tier: notes subgroups can differ but doesn't articulate the framing or diagnostic question."
24783906-7f33-4977-841c-75cbc915da3d,ff3d92c2-eba8-49a4-b56e-0b4c8cbd2f08,0,"[none] The student's answer is incomplete and does not address the question. It makes a vague prediction about Doctor A's survival rate decreasing without asking any diagnostic question, identifying Simpson's paradox, or recognizing the case-mix confound. There is no analytical move to credit."
a90d5cbd-c757-499d-9bb8-1c84c6f6e687,ff3d92c2-eba8-49a4-b56e-0b4c8cbd2f08,0,"[none] The student says 'higher than 0.5', which is the reversed direction per the rubric. There is no reasoning provided to salvage partial credit—the answer is cut off after 'because'. Per the rubric, reversed direction zeros out unless reasoning salvages it, which it does not here."
520f02a5-456e-4fa0-b668-f44c7af2d080,ff3d92c2-eba8-49a4-b56e-0b4c8cbd2f08,1.5,"[minimal] The student names 'popularity loop' and gestures at the mechanism (more interaction → keeps getting recommended), but the explanation is very thin and doesn't clearly articulate the closed-loop dynamic. They don't address why standard metrics still look good, and they don't propose any mitigation. This sits between minimal (just naming popularity) and partial (vague feedback description with no mitigation)."
