answer_id,attempt_id,question_id,q_num,max_points,old_points,old_reasoning
82ee2f80-ab77-49b8-9c6a-fb9e8b9e0bb2,03f387d0-701f-4fe7-9681-f0f8721f059f,45c3ceae-f884-4741-912b-a2caf5ce30e1,21,4,1,"[minimal] The definition is vague ('measurement of a dataset, depending on what to observe') and doesn't clearly convey that the unit is what one row represents. The example only names one unit (individual students) rather than showing how the same dataset could support two different units of observation, which was the core requirement. This fits the 'minimal' tier."
9cf98510-1f48-4d39-9f54-956aebcb1101,03f387d0-701f-4fe7-9681-f0f8721f059f,5fcb1ea2-216d-4b43-8c45-6b8afa0b851f,22,4,1.5,"[minimal] The student gestures at the idea that approved customers accumulate over time and bias grows, but they don't clearly identify the selection mechanism (rejected applicants have no observable outcome) or explain the compounding/narrowing consequence. The answer is vague and somewhat garbled, suggesting only a partial intuition that the data skews toward approved applicants. This sits between minimal (says data is biased without mechanism) and partial-low, so I'm awarding 1.5."
58d8ef0f-fba1-4461-b4dd-136bf6d79215,03f387d0-701f-4fe7-9681-f0f8721f059f,0cbd4c8c-8016-424c-8c37-945da6aacec8,23,4,4,"[full] The student clearly captures the core insight that conclusions depend on what's in the model and how the data is grouped. They also unify all three phenomena by noting that aggregating, disaggregating, or adding a condition can reverse the result — which is exactly the 'three forms of one operation' idea. This meets the full-credit criteria in plain language."
5fe877c2-2611-41c8-9d10-713137ed8159,03f387d0-701f-4fe7-9681-f0f8721f059f,8e8f837b-b9d4-41ff-9c87-d39a139d8541,24,4,3,"[partial] The student correctly identifies that training attendance absorbs/mediates the gender effect and that promotion differences are explained by training participation rather than gender itself. However, they don't take the next step to discuss what this means for the diagnosis — that the bias may have shifted upstream to whatever drives attendance differences, rather than being absent. This matches the 'partial' tier: strong on the mechanism but missing the diagnostic/remedy shift."
a467e770-6bdd-492a-a76e-a04f9c5eb36f,03f387d0-701f-4fe7-9681-f0f8721f059f,59aea710-0446-4698-9f69-e90e69d11a15,25,4,3,"[partial] The student correctly defines bias as systematic error from wrong specification/missing variables and variance as overfitting/sample sensitivity. They explain why the two aren't interchangeable. However, they only provide a fix for bias (adding the right control variables) and do not give a fix for variance (e.g., regularization, simpler model, more data). Per the rubric, definitions correct but only one fix given = 3 points."
5741ddff-f0c5-4b4a-9b29-972d7b26bc88,03f387d0-701f-4fe7-9681-f0f8721f059f,bf20a1f1-55e5-4d0b-837a-b95220c19b35,26,4,4,[full] The student clearly identifies memorization vs. generalization (overfitting) as the issue and explicitly connects it to the train/test split's purpose: checking whether the model learned the true pattern or just memorized. Both rubric components are satisfied.
5ba6db6b-c4f0-440d-a61d-6ca0a97975ae,03f387d0-701f-4fe7-9681-f0f8721f059f,6071629d-df03-49a2-b4cc-ad2591f60310,27,4,4,"[full] The student clearly states the conceptual point: residuals capture what the model couldn't explain and may represent a hidden variable of interest. They also provide the concrete soccer/cricket auction example, identifying the residual as celebrity appeal or brand value — exactly the 'construct an unmeasurable from observed patterns' move the rubric rewards. Full credit is warranted."
96bedad4-17e8-4550-b86b-d88627cf092c,03f387d0-701f-4fe7-9681-f0f8721f059f,e1ee87df-b151-4757-8f10-071290f018df,28,4,4,[full] The student correctly frames high recall as wanting to avoid missing true positives (COVID screening is a solid example) and high precision as wanting to avoid costly false positives (expensive retention offers being wasted on customers who wouldn't churn anyway). Both sides have clear framing and concrete business examples. Minor wording slip ('missing a FP') but the example makes the intent unambiguous.
6d51f1c9-c1c5-4523-b323-669b7f4f9fd6,03f387d0-701f-4fe7-9681-f0f8721f059f,44763eed-6502-4cd3-82dd-f8a5c538e67a,29,4,4,"[full] The student correctly identifies the mechanism: as features grow, every customer becomes unique and points become far from one another (distance flattening intuition). They also correctly name the curse of dimensionality. Both rubric requirements for full credit are satisfied."
4c46d893-0185-41c8-a31e-d71cb6b0d46f,03f387d0-701f-4fe7-9681-f0f8721f059f,667c7bd9-4b15-48b6-89fe-7ada3d7c570f,30,4,1,"[minimal] The student lists all four conditions by name but provides no explanation or contrast with loan approval for any of them. Per the rubric, naming conditions without explaining why the contrast holds earns minimal credit (1 point)."
a25439de-13b1-48cf-b7df-24adc0a6d99a,03f387d0-701f-4fe7-9681-f0f8721f059f,b0dd4e38-0fa5-4799-bf07-df61264a48f5,31,5,4,"[strong] The student clearly identifies the unit-of-analysis mismatch ('aggregate platform accuracy can hide poor subgroup performance') and requests the right diagnostic (subgroup metrics by job category). However, they don't explicitly connect this to the shipping decision — i.e., that the action happens at the subgroup level so the metric should too. The Simpson's paradox reference is tangentially relevant but not wrong. Solid 'strong' tier."
dfcd7458-ba94-4142-a6bb-9f4091c5e596,03f387d0-701f-4fe7-9681-f0f8721f059f,851e31ca-15ec-4b77-9358-e186b2031428,32,5,4,"[strong] The student asks the right diagnostic question (whether B treats more severe patients) and correctly names Simpson's paradox/confounding as the mechanism. However, they don't explicitly state the consequence — that reassigning critical cases away from B could remove the best critical-case doctor. This matches the 'strong' tier at 4 points."
8d0dd84f-481b-41f2-bd8f-6e8fa5dfb0f5,03f387d0-701f-4fe7-9681-f0f8721f059f,f8d39cba-5276-4ab6-883f-2a09616d2477,33,5,4,"[strong] Student correctly answers 'lower than 0.5' and identifies the cost asymmetry (though they have a typo saying 'FP are far more expensive than FP' — clearly meant FN vs FP given context). They connect lowering the threshold to capturing more frauds, though they say 'lowering recall' when they mean raising recall/lowering threshold. The core reasoning is sound but the explanation is abbreviated and contains terminology slips, fitting the 'strong' tier rather than full."
1e96273c-e5e4-4e07-b4bc-bbddec3b319b,03f387d0-701f-4fe7-9681-f0f8721f059f,eb99791e-8692-4dbd-b0bf-4c835a921c63,34,5,4,"[strong] The student correctly identifies the popularity loop mechanism and describes the self-reinforcing dynamic clearly. They also propose two reasonable mitigations (exploration slots, coverage monitoring). However, they don't explain why standard metrics still look good despite the bad behavior, which is required for full credit."
deff11d7-be73-460f-a26f-99898b2fbbc2,0cf0ff2a-03eb-4433-a512-ba0ad3b94ca9,45c3ceae-f884-4741-912b-a2caf5ce30e1,21,4,2.5,"[partial] The definition is correct and clearly stated ('what a singular row of data represents'). However, the example is abstract and vague — the student gestures at the idea of nested values supporting different units but doesn't give a concrete instance (e.g., events vs. candidates, transactions vs. customers). This fits between partial-low and partial: definition is solid, example is on the right track conceptually but lacks concreteness."
8dd02f00-0069-4314-94b9-fe6effe18eb8,0cf0ff2a-03eb-4433-a512-ba0ad3b94ca9,5fcb1ea2-216d-4b43-8c45-6b8afa0b851f,22,4,3,"[partial] The student correctly identifies the selection mechanism: the model is only trained on approved applicants, so it has no data on rejected applicants, leading to bias against them without programming. However, the answer doesn't clearly explain the compounding/progressive aspect — that with each retraining cycle, the training data narrows further toward the model's existing preferences. This matches the 'partial' tier: names the feedback loop but doesn't explain the compounding consequence."
5e55f6ac-546e-45b6-9bef-c2a3b87677a5,0cf0ff2a-03eb-4433-a512-ba0ad3b94ca9,0cbd4c8c-8016-424c-8c37-945da6aacec8,23,4,2,"[partial-low] The student captures part of the insight — that aggregating vs disaggregating can flip the story (Simpson's example) — which gestures at the 'level of analysis matters' idea. However, they don't unify all three phenomena (sign-flip and controlling for a confounder are not addressed), and the 'look past the surface' framing is vaguer than the underlying operation (that the conclusion is conditional on what's in the model). This fits the partial-low tier."
79c556d0-3f34-4127-8bb3-3b97acf37c34,0cf0ff2a-03eb-4433-a512-ba0ad3b94ca9,8e8f837b-b9d4-41ff-9c87-d39a139d8541,24,4,3.5,"[full] The student correctly identifies that gender is not the true driver — training attendance is — and implies the diagnosis shifts to attendance differences between genders. They capture the mediation idea and gesture at the upstream cause (attendance gap by gender). They don't explicitly spell out the remedy shift (that the fix isn't at the promotion decision), so I'm awarding 3.5 rather than a full 4."
ee46da85-17cd-4da8-9d0f-3c7d3c93c40a,0cf0ff2a-03eb-4433-a512-ba0ad3b94ca9,59aea710-0446-4698-9f69-e90e69d11a15,25,4,3.5,"[full] The student correctly identifies bias as a model specification issue and gives a valid fix (adding a feature / changing model setup). They give a correct fix for variance (more data). However, the variance definition is shaky — 'comes from the data' is the coarse framing the rubric explicitly flags as too vague; it misses the sample-sensitivity / overfitting idea. I award 3.5: full credit on bias and both fixes, slight deduction for the imprecise variance definition."
328da4b2-1747-459f-91ea-efb6130683bd,0cf0ff2a-03eb-4433-a512-ba0ad3b94ca9,bf20a1f1-55e5-4d0b-837a-b95220c19b35,26,4,4,[full] The student explains that the model might be capturing noise/overfitting rather than the true pattern (the memorization vs generalization idea in plain language) and clearly ties this to the train/test split: a held-out test set reveals whether the model learned the actual pattern or just fit the training data. Both rubric components are satisfied.
6716506e-f5f1-4a2c-8847-c5e702aaad39,0cf0ff2a-03eb-4433-a512-ba0ad3b94ca9,6071629d-df03-49a2-b4cc-ad2591f60310,27,4,4,"[full] The student clearly articulates the conceptual point that residuals capture something unmeasurable that we actually care about ('what you cannot see'). They provide a concrete, analogous example (baseball player price, on-field metrics, celebrity/popularity effect) that mirrors the soccer auction example and demonstrates the 'construct an unmeasurable from observed patterns' idea. They even acknowledge the noise component, showing nuanced understanding."
4cb487c5-6abb-43b1-baf0-bf693afa090a,0cf0ff2a-03eb-4433-a512-ba0ad3b94ca9,e1ee87df-b151-4757-8f10-071290f018df,28,4,0,"[none] The student reverses the trade-off entirely. They say high recall is for minimizing false positives (it's actually false negatives) and high precision is for minimizing false negatives (it's actually false positives). The examples are also swapped relative to their (incorrect) framing's intent: COVID tests are a classic high-recall case, and spam detection is often cited for high precision. Per the rubric, reversing the trade-off earns 0 points."
935af2af-d7fb-4078-b8b2-fc5373c3923e,0cf0ff2a-03eb-4433-a512-ba0ad3b94ca9,44763eed-6502-4cd3-82dd-f8a5c538e67a,29,4,4,"[full] The student correctly describes the mechanism (every customer becomes unique as features grow, making similarity hard to determine) and names the concept as 'high dimensionality,' which is a clear plain-language equivalent of 'curse of dimensionality.' They also correctly mention PCA as a remedy. This satisfies both the mechanism and naming requirements for full credit."
28e950cf-8b26-45ba-bad5-579db343aacf,0cf0ff2a-03eb-4433-a512-ba0ad3b94ca9,667c7bd9-4b15-48b6-89fe-7ada3d7c570f,30,4,3.5,"[full] The student names two correct conditions: vast catalog (contrasted with the binary yes/no output of loans) and cheap mistakes (low cost of a bad song recommendation vs. a loan). The catalog contrast is slightly imprecise (loan products vs. the yes/no decision), but the underlying idea is right. The cheap-mistakes contrast is clear and well-justified. Awarding near-full credit with a small deduction for the slightly muddled framing of the catalog condition."
efd3557a-b2a6-4002-8829-15909ebed986,0cf0ff2a-03eb-4433-a512-ba0ad3b94ca9,b0dd4e38-0fa5-4799-bf07-df61264a48f5,31,5,4.5,"[strong] The student clearly identifies the aggregate-vs-subgroup mismatch with a concrete numerical illustration and requests the right diagnostic (accuracy breakdown by job category). The connection to the shipping decision is implied but not explicitly articulated (e.g., that recruiters act at the subgroup level so the metric should match). This puts the answer between strong (4) and full (5), so I'm awarding 4.5."
72799331-7b1a-4cc3-a625-73c67f41a807,0cf0ff2a-03eb-4433-a512-ba0ad3b94ca9,851e31ca-15ec-4b77-9358-e186b2031428,32,5,4,"[strong] The student correctly identifies the case-mix mechanism in plain language (Doctor B may treat sicker patients) and asks the right diagnostic question (check the types of patients each doctor treats). However, they don't explicitly state the consequence — that reassigning critical cases away from B could remove the best critical-case doctor. This matches the 'strong' tier at 4 points."
8decf041-bba0-4789-9315-149979cf2a99,0cf0ff2a-03eb-4433-a512-ba0ad3b94ca9,f8d39cba-5276-4ab6-883f-2a09616d2477,33,5,5,"[full] The student correctly answers 'lower than 0.5', explains the cost asymmetry (FN more expensive than FP), and ties the threshold choice to the action (lower threshold = catch more fraud, higher threshold = miss more fraud). The reasoning is clear and complete per the full-credit criteria, even without computing the breakeven point."
0d44e7eb-d0f1-4907-93b2-99aa352e41c6,0cf0ff2a-03eb-4433-a512-ba0ad3b94ca9,eb99791e-8692-4dbd-b0bf-4c835a921c63,34,5,0.5,"[none] The student attributes the pattern to model staleness/training data freshness rather than identifying the closed-loop feedback mechanism. They miss the core insight that the model's own recommendations shape what users listen to, which then reinforces what the model recommends. The mitigation (retraining) doesn't address the loop — retraining on the same biased interaction data would reproduce the problem. This falls closest to the 'none' tier, though I'm giving a small sliver of credit for at least engaging with why newer songs are excluded."
95172b1a-3a2f-47d3-9731-e556512fc4e1,13aab4ed-393b-4f75-9439-e1782a6daa1f,45c3ceae-f884-4741-912b-a2caf5ce30e1,21,4,4,[full] The student defines unit of observation as the level of analysis (acceptable plain-language equivalent of 'what one row represents'). They provide a concrete example with multiple valid units from the same dataset: rating per order vs per location vs per customer. This satisfies both parts of the rubric for full credit.
cf9b159a-10da-4686-9c4d-e7ed97ca49ca,13aab4ed-393b-4f75-9439-e1782a6daa1f,5fcb1ea2-216d-4b43-8c45-6b8afa0b851f,22,4,3,"[partial] The student correctly identifies the feedback loop mechanism: the model trains only on approved applicants, not all applicants, and the training data narrows over time. They also note that bias compounds ('year after year... more bias towards some way'). However, the explanation is somewhat vague about why the narrowing happens (no explicit mention that rejected applicants have no observable outcome) and the compounding consequence is stated but not deeply elaborated. This fits 'partial' — strong on mechanism but slightly underdeveloped on the consequence."
430ccd33-8193-402a-a39e-cdf8edfc56e5,13aab4ed-393b-4f75-9439-e1782a6daa1f,0cbd4c8c-8016-424c-8c37-945da6aacec8,23,4,2.5,"[partial] The student captures the key insight that 'different levels provide different insights' and that aggregated data can mislead, which is the core 'depends on what level you analyze' idea. However, they don't explicitly unify all three phenomena (Simpson's, sign-flip, and controlling for a confounder) as facets of the same operation, and they lean toward a one-sided prescription ('always consider subsets') rather than recognizing the conditional-on-specification nature. This sits between partial-low and partial — stronger than just defining one phenomenon but missing the unification."
5f8dfaa7-7aae-4867-9754-e3761f56232d,13aab4ed-393b-4f75-9439-e1782a6daa1f,8e8f837b-b9d4-41ff-9c87-d39a139d8541,24,4,1,"[none] The student concludes 'there is no bias in promotions,' which is exactly the wrong-answer pattern flagged in the rubric — the gap is real, it has just shifted upstream to attendance. They do correctly note that the coefficient vanishes when training is included and gesture at an attendance difference, which shows some understanding, but the explicit wrong conclusion pulls this into the 'none' tier. I'm giving 1 point of partial credit because they did identify the mediation mechanism even though they misinterpreted what it implies."
bbc67a61-42e8-4938-a4d1-9b89905bd094,13aab4ed-393b-4f75-9439-e1782a6daa1f,59aea710-0446-4698-9f69-e90e69d11a15,25,4,2.5,"[partial-low] The student correctly identifies bias as related to model specification/underfitting and variance as sensitivity to data changes/overfitting — both definitions are roughly on track. The fix for bias (adding more variables like car age/type) is correct. However, the fix for variance is wrong/reversed: training MORE complex models would increase variance, not reduce it — the correct fix would be a simpler model, regularization, or more data. So definitions are okay and one fix is good, but the other fix is incorrect, placing this between minimal and partial-low."
946fdd5a-fbab-4065-9a5c-6f96e886613c,13aab4ed-393b-4f75-9439-e1782a6daa1f,bf20a1f1-55e5-4d0b-837a-b95220c19b35,26,4,1,"[minimal] The student gestures at the idea that training data is limited and mentions the train/test split, but doesn't articulate the key concept that multiple rules can fit the same training data (memorization vs. generalization). The mention of train/test 'percentage may lead to different insights' is vague and doesn't explain that the test set evaluates whether the learned rule generalizes to new data. This earns minimal credit for naming the train/test split without explaining what it actually tests for."
86d97d04-b691-482b-a215-8d66e7357420,13aab4ed-393b-4f75-9439-e1782a6daa1f,6071629d-df03-49a2-b4cc-ad2591f60310,27,4,4,"[full] The student conveys the conceptual point that residuals carry unseen/unexplained information beyond what coefficients capture ('size of ignorance', 'provides more of the unseen information'). They give the canonical soccer auction example, correctly identifying the residual as celebrity appeal layered on top of performance. Despite some awkward phrasing, both required pieces are clearly present."
836f5ed3-7663-4640-8f58-e400e3bf3805,13aab4ed-393b-4f75-9439-e1782a6daa1f,e1ee87df-b151-4757-8f10-071290f018df,28,4,0,Blank answer — no credit.
47d6df0d-c250-4b4b-825c-40176cafa435,13aab4ed-393b-4f75-9439-e1782a6daa1f,44763eed-6502-4cd3-82dd-f8a5c538e67a,29,4,1.5,"[minimal] The student gestures at the right idea (more features = points in multidimensional space, decreased similarity) but doesn't articulate the key mechanism: that distances flatten and every point becomes unique, making 'similar' meaningless. The name given ('multidimensionality') is close to but not quite 'curse of dimensionality,' and the mention of overfitting suggests some confusion. I'm giving slightly above minimal because they correctly identified that the problem involves high-dimensional space and reduced similarity, but the core distance-flattening intuition is absent."
4c3a84dc-9a4e-4f4a-a1b0-7ee95865a692,13aab4ed-393b-4f75-9439-e1782a6daa1f,667c7bd9-4b15-48b6-89fe-7ada3d7c570f,30,4,0.5,"[none] The student names only one condition (latent factors/taste) with no justification or contrast to loans, and fails to provide a second condition. This falls below the 'minimal' tier which requires either one condition with justification or two conditions named. Minimal partial credit for surfacing a relevant term."
6d0abb6d-89f2-4de6-a10f-5c4f916eedb8,13aab4ed-393b-4f75-9439-e1782a6daa1f,b0dd4e38-0fa5-4799-bf07-df61264a48f5,31,5,0,"[none] The student's answer 'Taste' does not address the question at all. It does not identify the unit-of-analysis mismatch, request subgroup performance, or engage with the scenario in any meaningful way."
d4e4f814-2d7b-45cb-ab4a-499fb24fe4a9,13aab4ed-393b-4f75-9439-e1782a6daa1f,851e31ca-15ec-4b77-9358-e186b2031428,32,5,4.5,"[full] The student correctly identifies the diagnostic move (break down the data into subsets) and articulates the case-mix mechanism (Doctor B may have had more critical cases), which is the core of Simpson's paradox even without naming it. They don't explicitly state the consequence — that reassigning could remove the best critical-case doctor — so I'm shading slightly below full credit, but the reasoning is sound and on-target."
6c6b0ba3-1404-4ae0-936a-c05b50f93609,13aab4ed-393b-4f75-9439-e1782a6daa1f,f8d39cba-5276-4ab6-883f-2a09616d2477,33,5,0,"[none] The student says 'higher than 0.5,' which is the reversed direction. Worse, the reasoning is internally inconsistent: a higher threshold actually increases false negatives, not decreases them. Per the rubric, reversed direction zeros out unless reasoning salvages it, and here the reasoning compounds the error rather than salvaging it."
bb491afc-3d26-432c-93ad-c93464cc6ffd,13aab4ed-393b-4f75-9439-e1782a6daa1f,eb99791e-8692-4dbd-b0bf-4c835a921c63,34,5,0,"[none] The student's answer doesn't identify the closed-loop/popularity feedback mechanism. 'Matrix factorization' names an algorithm but doesn't explain the self-reinforcing loop, and 'taste' is not a coherent mitigation. There's no evidence of understanding why metrics still look good or what to do about it."
99ae0d77-20c9-43f1-9ee1-fa836ec86f97,201e3ecf-09b7-4b48-ae56-fc5621efa04f,45c3ceae-f884-4741-912b-a2caf5ce30e1,21,4,2,"[partial-low] The definition is correct ('what each row represents'). However, the student does not provide a concrete example of two different units derivable from the same dataset — they only state abstractly that different units give different conclusions. Per the rubric, correct definition with a vague/missing example fits the partial-low tier at 2 points."
2a941cf9-b65b-4aa0-963f-ea8607cac5dd,201e3ecf-09b7-4b48-ae56-fc5621efa04f,5fcb1ea2-216d-4b43-8c45-6b8afa0b851f,22,4,4,"[full] The student clearly identifies the feedback loop (only previously approved applicants generate training data, narrowing the data over time) and explains the compounding consequence (system reinforces earlier preferences, ignores rarely-approved groups, self-reinforcing bias without intentional programming). Both rubric components are present in plain language."
2e9eb148-ad74-43bf-8d85-ce6bf7a414e0,201e3ecf-09b7-4b48-ae56-fc5621efa04f,0cbd4c8c-8016-424c-8c37-945da6aacec8,23,4,3.5,"[full] The student captures the core insight that conclusions depend on what variables are accounted for, and recognizes all three phenomena as instances of the same operation (relationships changing when you condition on or disaggregate by other variables). They articulate both the aggregation/disaggregation aspect and the conditioning aspect. Slightly short of a perfect unification statement (doesn't quite say 'three forms of one operation' explicitly), but the understanding is clearly there, warranting near-full credit."
7595158d-8475-4c84-98f8-bcf1c6658d6e,201e3ecf-09b7-4b48-ae56-fc5621efa04f,8e8f837b-b9d4-41ff-9c87-d39a139d8541,24,4,3,"[partial] The student correctly identifies that the gender effect is mediated/absorbed by training attendance and recognizes that the original 'gender bias' diagnosis is misleading. However, they don't take the next step of noting where the bias may actually live (upstream in whatever drives attendance differences) or that the remedy should shift to the attendance gap rather than the promotion decision. This matches the 'partial' tier — strong on the mechanism but missing the diagnostic/remedy shift."
7afedffa-07fd-4c60-9553-27f04f433cb8,201e3ecf-09b7-4b48-ae56-fc5621efa04f,59aea710-0446-4698-9f69-e90e69d11a15,25,4,1,"[none] Definitions of bias (systematically wrong) and variance (sensitivity to data) are reasonable, and regularization is a correct fix for variance. However, the student proposes 'more data' as the fix for bias, which the rubric explicitly flags as a 'none' tier answer since more data does not fix specification/omitted-variable bias. I'm awarding 1 point to acknowledge the correct definitions and the valid variance fix, but the bias fix error triggers the rubric's penalty."
af7fa663-1b8a-4920-a6b7-67e783ffabe0,201e3ecf-09b7-4b48-ae56-fc5621efa04f,bf20a1f1-55e5-4d0b-837a-b95220c19b35,26,4,4,"[full] The student clearly states that perfect training fit may indicate memorization rather than learning the real pattern, and explicitly ties the train/test split to evaluating generalization on unseen data. They also correctly note the diagnostic signal (high train, low test = overfitting). This satisfies both rubric components for full credit."
487fe3b9-ef6b-4a56-9fa6-4f173818b97e,201e3ecf-09b7-4b48-ae56-fc5621efa04f,6071629d-df03-49a2-b4cc-ad2591f60310,27,4,4,[full] The student articulates the conceptual point that residuals can reveal hidden/unmeasured factors rather than just being noise. The store-manager example is exactly the kind of 'construct an unmeasurable from observed patterns' example the rubric explicitly lists as analogous to the soccer auction. Both pieces of the 2+2 rubric are satisfied.
253520b8-275d-4107-bf71-b10b78d98ac6,201e3ecf-09b7-4b48-ae56-fc5621efa04f,e1ee87df-b151-4757-8f10-071290f018df,28,4,4,"[full] The student correctly frames both sides: high recall when missing positives is costly (fraud detection) and high precision when false alarms are costly (expensive marketing offers). Both examples are concrete and plausible, matching the rubric's full-credit criteria."
26c5cae8-4979-470c-bf47-5cdd6a1cca13,201e3ecf-09b7-4b48-ae56-fc5621efa04f,44763eed-6502-4cd3-82dd-f8a5c538e67a,29,4,4,"[full] The student correctly names the curse of dimensionality and describes the mechanism: as features grow, customers become less similar across all dimensions, making similarity hard to measure. This captures the distance-flattening intuition in plain language. Both required pieces (mechanism + name) are present."
f97a9e64-f697-4940-b9c6-4ba4e5009ef9,201e3ecf-09b7-4b48-ae56-fc5621efa04f,667c7bd9-4b15-48b6-89fe-7ada3d7c570f,30,4,3,"[partial] The student names two valid conditions: dense interactions ('large amounts of user feedback data') and cheap mistakes ('low-cost mistakes'). The cheap-mistakes condition is well-justified with the Spotify-vs-loan contrast (high-risk loans vs low-cost skips). However, the dense interactions condition isn't explicitly contrasted with loans (e.g., noting that a loan applicant has only one application). This fits the 'partial' tier: two conditions named but only one fully justified with the contrast."
aa2895a7-21f4-4818-a170-b109c9aaa8f9,201e3ecf-09b7-4b48-ae56-fc5621efa04f,b0dd4e38-0fa5-4799-bf07-df61264a48f5,31,5,4,"[strong] The student correctly identifies that overall accuracy can hide poor subgroup performance (the unit-of-analysis mismatch in plain language) and requests the right diagnostic: performance broken down by job category. However, they don't explicitly connect this to the decision — i.e., that the shipping decision affects recruiters working at the subgroup level, so the metric should match the unit of action. This matches the 'strong' tier where the connection to the decision is left implicit."
b5d36eb6-6b3c-4c07-9935-989a41393c7b,201e3ecf-09b7-4b48-ae56-fc5621efa04f,851e31ca-15ec-4b77-9358-e186b2031428,32,5,4.5,"[full] The student correctly asks the diagnostic question (case severity breakdown), names Simpson's paradox, and identifies the mechanism (confounding from case difficulty). They don't explicitly state the consequence — that reassigning critical cases away from B could remove the best critical-case doctor — which is why I'm shading slightly below a full 5. Still, the analytical move and concept identification are strong enough to round to the full tier."
e84a2a68-974a-4846-8cc6-d88a24c2e1bc,201e3ecf-09b7-4b48-ae56-fc5621efa04f,f8d39cba-5276-4ab6-883f-2a09616d2477,33,5,5,"[full] The student correctly identifies 'lower than 0.5', explains the cost asymmetry (FN much more expensive than FP), and ties the threshold to action (lowering increases recall, catches more fraud at cost of more false alarms). This satisfies all three full-credit criteria in the rubric."
e328f225-f4f8-4032-b21f-e31c2bcb1f60,201e3ecf-09b7-4b48-ae56-fc5621efa04f,eb99791e-8692-4dbd-b0bf-4c835a921c63,34,5,4,"[strong] The student clearly identifies the feedback loop mechanism (popular songs get more exposure → more clicks → more recommendations) and proposes a reasonable mitigation (exploration/diversity rules). However, they don't address why the standard metrics still look good despite the problematic behavior, which is required for full credit."
e789b1df-960f-466f-a411-f192d87a1ef4,251749b6-ae66-4b46-9b3e-99a2994c7d5c,45c3ceae-f884-4741-912b-a2caf5ce30e1,21,4,4,"[full] The student clearly defines unit of observation as what each row represents, and provides a concrete example of two different units (transaction vs customer) derivable from the same sales dataset. Both rubric components are satisfied."
32ac9ca0-d636-4cba-9d1c-33437d09176f,251749b6-ae66-4b46-9b3e-99a2994c7d5c,5fcb1ea2-216d-4b43-8c45-6b8afa0b851f,22,4,4,"[full] The student clearly identifies the feedback loop (rejected applicants never appear in training data) and explains the compounding consequence (data narrows, reinforces existing preferences, bias grows without intentional design). Both the mechanism and the consequence are present in plain language, satisfying the full-credit criteria."
11cc24fc-2d0c-46cd-b774-fce6e33504a0,251749b6-ae66-4b46-9b3e-99a2994c7d5c,0cbd4c8c-8016-424c-8c37-945da6aacec8,23,4,0,Blank answer — no credit.
4ef87d49-8ba7-4b08-9485-5d684f0ef136,251749b6-ae66-4b46-9b3e-99a2994c7d5c,8e8f837b-b9d4-41ff-9c87-d39a139d8541,24,4,0,"[none] The student's answer doesn't engage with the question at all — it just restates what 'gender bias' means in a tautological way. There's no recognition that the coefficient vanishing when attendance is added shifts the diagnosis, no mention of mediation/absorption, and no discussion of where the bias might actually live. This fits the 'none' tier."
36a7eaa8-481c-4161-99a7-9b119e7f8f1b,251749b6-ae66-4b46-9b3e-99a2994c7d5c,59aea710-0446-4698-9f69-e90e69d11a15,25,4,0,"[none] The student's answer is incomplete — it trails off after 'the most important one is' without providing any definition, distinction, or fix. There is no demonstrated understanding of either bias or variance, and no remedies offered. Per the rubric, this earns 0 points."
5932c3da-7ca5-49b5-a9c6-bea10d68068b,251749b6-ae66-4b46-9b3e-99a2994c7d5c,bf20a1f1-55e5-4d0b-837a-b95220c19b35,26,4,0,"[none] The student merely restates the question without providing any explanation. There is no mention of why training fit is insufficient (multiple rules fitting the data, memorization vs generalization), and no connection to the train/test split's purpose. This does not meet even the minimal tier, which requires at least saying we need a test set."
93a07b2e-34d3-4f34-93d5-fe62a1f478fb,251749b6-ae66-4b46-9b3e-99a2994c7d5c,6071629d-df03-49a2-b4cc-ad2591f60310,27,4,4,[full] The student clearly articulates the conceptual point that residuals reveal something beyond model error — missing variables or unobserved advantages — which matches the 'residuals as variable of interest' idea. The sales example is concrete and analogous to the soccer auction case: the residual constructs an unmeasurable like 'local promotion success' or 'unobserved competitive advantage' from the leftover. This satisfies both the concept and example criteria for full credit.
b02ad40e-7c5d-400a-8ece-f7e3f46906b2,251749b6-ae66-4b46-9b3e-99a2994c7d5c,e1ee87df-b151-4757-8f10-071290f018df,28,4,2,"[partial-low] The student correctly frames high recall (missing a positive is costly) and gives a solid concrete example (fraud detection). However, they completely omit the high-precision side—no framing and no example for when false positives are costly. Per the rubric, having only one side covered fits the partial-low tier at 2 points."
ea97e613-66f2-4d2b-9bcb-f97f0f9452b8,251749b6-ae66-4b46-9b3e-99a2994c7d5c,44763eed-6502-4cd3-82dd-f8a5c538e67a,29,4,4,"[full] The student correctly names the curse of dimensionality and describes the mechanism: data becomes sparse in high-dimensional space, making similarity hard to define. While the explanation is concise and doesn't explicitly say 'distances flatten,' sparsity in high dimensions is an equivalent and accepted framing of why nearest-neighbor similarity loses meaning. Both the name and mechanism are present."
976d5a27-c37b-4e59-a844-6c4dc1f080e3,251749b6-ae66-4b46-9b3e-99a2994c7d5c,667c7bd9-4b15-48b6-89fe-7ada3d7c570f,30,4,4,"[full] The student names two valid conditions with clear Spotify-vs-loan contrasts. The first maps to 'dense interactions' (rich feedback on Spotify vs. limited loan applications), and the second is 'cheap mistakes' (skip vs. default/high stakes). Both are justified with the contrast, meeting the full-credit criteria."
7689ae6c-2a41-42c1-a286-5e96317077e6,251749b6-ae66-4b46-9b3e-99a2994c7d5c,b0dd4e38-0fa5-4799-bf07-df61264a48f5,31,5,0,"[none] The student did not provide an answer — they simply repeated the question prompt. There is no explanation of the unit-of-analysis mismatch, no request for subgroup data, and no reasoning to evaluate."
0a3aff7f-7e9b-4e06-b34b-b927961c40fe,251749b6-ae66-4b46-9b3e-99a2994c7d5c,851e31ca-15ec-4b77-9358-e186b2031428,32,5,5,"[full] The student names Simpson's paradox and confounding, asks the right diagnostic question (case severity breakdown), and explains the mechanism (B may have harder cases, lowering aggregate survival even if equally skilled or better). The implicit risk of misjudging B's skill is conveyed via 'equally skilled or better.' Meets all three rubric components for full credit."
eb2533ab-a04b-42e7-835f-724a4689ec76,251749b6-ae66-4b46-9b3e-99a2994c7d5c,f8d39cba-5276-4ab6-883f-2a09616d2477,33,5,5,"[full] The student correctly identifies 'lower than 0.5', explicitly notes the cost asymmetry ($800 vs $20), and ties the threshold action to the consequence (more flags, fewer missed frauds, at the cost of more false positives). This satisfies all three criteria for full credit per the rubric."
c2a856b2-d4d4-4340-99e0-a79a86807a76,251749b6-ae66-4b46-9b3e-99a2994c7d5c,eb99791e-8692-4dbd-b0bf-4c835a921c63,34,5,5,"[full] The student clearly identifies the closed-loop feedback mechanism (popular songs recommended → users listen → model retrains on same behavior). They explain why metrics still look good ('performs well on historical accuracy metrics' while new/niche songs get no exposure), and propose a reasonable mitigation (exploration/diversity injection to surface less-seen songs). All three rubric components are present."
184dceb5-0cbc-43ba-bb2f-b0f81c5dcf6b,33d0294f-394b-4476-82a0-b4ae649d6a4b,45c3ceae-f884-4741-912b-a2caf5ce30e1,21,4,2,"[partial-low] The student doesn't explicitly define 'unit of observation' as what one row represents, but the example gestures at the right idea: individual student scores (one row per student) versus an aggregated/average view (class-level). The two units (individual student vs. class/overall) are implicitly there, though the writing is unclear and the definition is missing. This earns partial-low credit for showing some grasp of the concept via example without a clear definition."
e29cad8b-0b17-4380-a498-68ba24098b5a,33d0294f-394b-4476-82a0-b4ae649d6a4b,5fcb1ea2-216d-4b43-8c45-6b8afa0b851f,22,4,2,"[partial-low] The student correctly identifies the selection mechanism — that the bank only has data on approved applicants and not rejected ones. However, they do not explain the compounding/feedback consequence over time: that retraining narrows the data further toward the model's existing preferences and bias grows. This matches the partial-low tier: names the mechanism but misses the compounding consequence."
ca735caa-b79d-4a0a-b4b2-bc724f349efa,33d0294f-394b-4476-82a0-b4ae649d6a4b,0cbd4c8c-8016-424c-8c37-945da6aacec8,23,4,2,"[partial-low] The student addresses all three phenomena individually and shows some understanding (especially the controlling-for example with department), but doesn't explicitly articulate the unifying lesson that the conclusion depends on what's in the model/specification. The three explanations read as separate tricks rather than facets of one operation. This fits the partial-low tier: touches the right ideas but doesn't unify them or name the underlying operation."
f7992413-787d-4868-bb26-17d730d313bd,33d0294f-394b-4476-82a0-b4ae649d6a4b,8e8f837b-b9d4-41ff-9c87-d39a139d8541,24,4,0.5,"[none] The student's answer is unclear and barely engages with the question. They seem to vaguely gesture at the idea that controlling for a variable changes the gender effect, but they don't articulate what this means for the bias diagnosis, don't note that the gap disappears, and don't shift the diagnosis upstream. This is below the 'minimal' tier but doesn't clearly conclude bias is present or absent, so I'm awarding a small amount of partial credit."
d8a28fae-665a-4843-a91e-a56a3604019b,33d0294f-394b-4476-82a0-b4ae649d6a4b,59aea710-0446-4698-9f69-e90e69d11a15,25,4,1,[minimal] The student's definition of bias is incorrect — they describe something closer to selection bias (only seeing selected data) rather than statistical bias from model misspecification. The variance definition as overfitting is acceptable. No fixes are provided for either problem. This earns minimal credit for at least correctly identifying variance as overfitting.
8449f544-694d-46e5-833c-dcdb2ae24cc8,33d0294f-394b-4476-82a0-b4ae649d6a4b,bf20a1f1-55e5-4d0b-837a-b95220c19b35,26,4,2,"[partial-low] The student notes that good training performance doesn't guarantee good test performance and that you need to test on a test set, which gestures at the right idea. However, they don't articulate WHY (multiple rules can fit the same data, memorization vs. generalization), and the explanation is quite vague. This fits the partial-low tier: on track but missing the reasoning behind the train/test split."
0d29452c-07a2-4fad-918a-dc9b46262682,33d0294f-394b-4476-82a0-b4ae649d6a4b,6071629d-df03-49a2-b4cc-ad2591f60310,27,4,2,"[partial-low] The student gestures at the right idea with the auction/celebrity example — using price residuals to capture something like fame/celebrity appeal that isn't directly measured. However, the explanation is very unclear and never explicitly states the conceptual point that residuals can be the variable of interest or that they make unmeasurable things measurable. Credit is given for evoking the correct example, but the conceptual articulation is too weak for full or partial (3) credit."
501a47a3-91af-4ecd-9de9-57f7ed207044,33d0294f-394b-4476-82a0-b4ae649d6a4b,e1ee87df-b151-4757-8f10-071290f018df,28,4,1.5,"[minimal] The student gestures at the right idea on the recall side — in a hospital you'd rather have false positives than miss a sick patient (false negative) — which suggests some understanding that missing a positive is costly. However, the answer is poorly articulated, doesn't explicitly frame recall vs precision, gives no example for the precision side, and never explains when precision would be preferred. This goes beyond just defining the terms but falls short of the partial-low tier's requirement of correct framing."
4a2c9f46-269c-4d4d-a1fa-72b0e594db29,33d0294f-394b-4476-82a0-b4ae649d6a4b,44763eed-6502-4cd3-82dd-f8a5c538e67a,29,4,0,"[none] The student's answer doesn't actually address the question. They seem to describe a solution (dimensionality reduction) rather than explain why high dimensions make similarity unanswerable. There is no mention of distances flattening, observations becoming unique, nor the name 'curse of dimensionality.' The response doesn't demonstrate understanding of the mechanism asked about."
8c57fa85-ddb6-4740-8d26-f80680d15774,33d0294f-394b-4476-82a0-b4ae649d6a4b,667c7bd9-4b15-48b6-89fe-7ada3d7c570f,30,4,0,"[none] The student wrote 'selection bias,' which is not one of the four conditions for recommender systems (latent taste, dense interactions, vast catalog, cheap mistakes). This confuses a different course concept with recommender failure modes, matching the 'none' tier criteria."
173004ff-1f01-417a-b553-6f83eb43efd5,33d0294f-394b-4476-82a0-b4ae649d6a4b,b0dd4e38-0fa5-4799-bf07-df61264a48f5,31,5,2,"[partial-low] The student gestures at the 'same data, different conclusions' idea and notes the two parties see different data, but doesn't articulate the unit-of-analysis framing (platform vs subgroup) and doesn't request any specific additional information like a subgroup performance breakdown. The answer recognizes that subgroups/views can differ but stops short of the right diagnostic question, fitting the partial-low tier."
62d678cf-0151-4fd4-af9d-9b75dd747693,33d0294f-394b-4476-82a0-b4ae649d6a4b,851e31ca-15ec-4b77-9358-e186b2031428,32,5,0,"[none] The student misinterprets the question, talking about doctors having different 'thresholds' (perhaps confusing this with classification cutoffs) and suggesting training would equalize them. There is no mention of case mix, case severity, Simpson's paradox, or the risk of reassigning critical cases. No correct diagnostic move is made."
2db5a319-9b2d-407b-8c57-6e2a8fe8649a,33d0294f-394b-4476-82a0-b4ae649d6a4b,f8d39cba-5276-4ab6-883f-2a09616d2477,33,5,3,"[partial] Student correctly answers 'lower than 0.5' and connects the threshold to recall/reducing false negatives. However, the explanation does not articulate the cost asymmetry (40x difference between $800 FN and $20 FP), which is the core reasoning the rubric requires for higher tiers. The answer is also somewhat garbled ('fn is lower' is unclear). This fits the partial tier: correct direction with weak/incomplete reasoning."
63a575d9-0533-47f1-b64f-8b38003d1690,33d0294f-394b-4476-82a0-b4ae649d6a4b,eb99791e-8692-4dbd-b0bf-4c835a921c63,34,5,1,"[minimal] The student gestures at the 'rich get richer' idea but doesn't articulate the closed-loop mechanism (the model only sees what it surfaces), doesn't address why metrics still look good, and offers no mitigation. This matches the 'minimal' tier: says popular songs get recommended more without the loop/metric blindspot insight or a fix."
f9fa3ec1-5cab-4f84-a802-d2332eadb905,34cfaad4-5309-41f7-b2b4-cef566d427d5,45c3ceae-f884-4741-912b-a2caf5ce30e1,21,4,4,"[full] The student clearly defines unit of observation as what a single row represents. They also provide a concrete example with two different units from the same hiring platform data: platform-level (one row = all applicants) vs recruiter-level (one row = batch of applications), and note how each yields different insights. Both rubric requirements are met."
314dd571-1627-4405-9b3e-61f73c50651c,34cfaad4-5309-41f7-b2b4-cef566d427d5,5fcb1ea2-216d-4b43-8c45-6b8afa0b851f,22,4,4,"[full] The student clearly identifies the feedback loop (rejected applicants have no observed outcome and are dropped) and explains the compounding consequence (training data progressively shrinks toward profiles the previous model favored, producing bias without explicit human input). Both rubric components are present in plain language. Full credit."
dc9c9fb9-17cd-40d4-a5cf-74fa6fe6ad0c,34cfaad4-5309-41f7-b2b4-cef566d427d5,0cbd4c8c-8016-424c-8c37-945da6aacec8,23,4,4,"[full] The student clearly identifies the core insight that the conclusion depends on the level/specification of analysis, and explicitly unifies all three operations (aggregating up, disaggregating down, conditioning on a third variable) as facets of the same phenomenon. This closely mirrors the model answer and earns full credit per the rubric."
8f245f95-a919-476d-8c85-28f06ac2f554,34cfaad4-5309-41f7-b2b4-cef566d427d5,8e8f837b-b9d4-41ff-9c87-d39a139d8541,24,4,4,[full] The student correctly identifies that the gender effect is mediated by training attendance (within-band rates are equal) and explicitly shifts the diagnosis from promotion bias to a training-attendance gap requiring a different remedy. This hits both required pieces of the full-credit rubric. Minor factual slip (saying men attended fewer sessions when typically the example runs the other way) doesn't undermine the conceptual reasoning.
e5f267ad-e220-4b35-9c7a-92c75f4718e0,34cfaad4-5309-41f7-b2b4-cef566d427d5,59aea710-0446-4698-9f69-e90e69d11a15,25,4,4,"[full] The student correctly defines bias as a specification problem (coefficient changes due to model specification) and variance as sample-sensitivity (prediction changes based on data sample). They explicitly explain why the two aren't interchangeable, correctly noting that more data won't fix omitted variable bias. Both fixes are correct: include correct variables for bias, more data/regularization for variance. This meets all criteria for full credit."
3756bbcf-6f61-4e50-81cf-ddc88ba7282c,34cfaad4-5309-41f7-b2b4-cef566d427d5,bf20a1f1-55e5-4d0b-837a-b95220c19b35,26,4,4,[full] The student clearly articulates that the model might fit a flawed/memorized rule rather than the underlying pattern (memorization vs generalization) and explicitly connects this to the train/test split as the mechanism for exposing whether the model truly generalizes via new data. Both rubric components for full credit are satisfied.
0bbaf342-bcae-4629-a2d4-e013dfecd5f0,34cfaad4-5309-41f7-b2b4-cef566d427d5,6071629d-df03-49a2-b4cc-ad2591f60310,27,4,4,"[full] The student clearly articulates the conceptual point that residuals can capture meaningful unmeasured variables rather than just noise ('size of our ignorance...crucial, unmeasured variables'). They provide the canonical sports auction example with celebrity appeal as the constructed unmeasurable. Both rubric requirements for full credit are met."
e8158336-3d5e-4bcc-9a00-7c0ebfa0ff88,34cfaad4-5309-41f7-b2b4-cef566d427d5,e1ee87df-b151-4757-8f10-071290f018df,28,4,4,"[full] The student correctly frames high recall as appropriate when missing a positive is costly (contagious disease example) and high precision when false positives are wasteful (expensive retention offers to non-churners). Both sides have clear, plausible business examples and the framing of which matters when is correct. This meets the full credit criteria."
d9bf9f7f-27e8-4dc5-8c04-704bfc4d08be,34cfaad4-5309-41f7-b2b4-cef566d427d5,44763eed-6502-4cd3-82dd-f8a5c538e67a,29,4,4,"[full] The student clearly describes the mechanism: as dimensions grow, every customer becomes unique and distances lose meaning, so the model cannot find similar neighbors. They name it 'the problem of dimensionality,' which is a close plain-language equivalent of 'curse of dimensionality.' Both the mechanism and the name are present, meeting the full-credit criteria."
85ce3f45-9721-4f23-aae0-fb1854a3b774,34cfaad4-5309-41f7-b2b4-cef566d427d5,667c7bd9-4b15-48b6-89fe-7ada3d7c570f,30,4,4,"[full] The student names two distinct conditions (cheap mistakes and dense interactions) and provides a clear Spotify-vs-loan contrast for each. The skip-vs-default contrast nails the cost asymmetry, and the streaming-vs-single-application contrast correctly captures interaction density. Full credit per the rubric."
b6bdb14b-fdc5-45a5-9108-9836bc72d082,34cfaad4-5309-41f7-b2b4-cef566d427d5,b0dd4e38-0fa5-4799-bf07-df61264a48f5,31,5,4,"[strong] The student correctly identifies the aggregate vs. subgroup mismatch and requests a subgroup performance breakdown to detect systematic failures. However, they don't explicitly connect this to the decision rationale (i.e., that the action/shipping decision affects recruiters at the subgroup level, so the metric should match that unit). This puts the answer at the 'strong' tier rather than 'full'."
7312ae82-e3d3-4b04-8942-68caccad5b7d,34cfaad4-5309-41f7-b2b4-cef566d427d5,851e31ca-15ec-4b77-9358-e186b2031428,32,5,5,"[full] The student names Simpson's paradox, asks the correct diagnostic question (survival rates disaggregated by case difficulty), and explains the mechanism (B likely handles high-risk patients, making aggregate misleading). The implicit risk—that B's lower rate reflects case mix rather than skill—is clearly articulated, satisfying all three rubric components for full credit."
dd65dedc-3622-4b7f-aeaf-38ca6b4a5e9d,34cfaad4-5309-41f7-b2b4-cef566d427d5,f8d39cba-5276-4ab6-883f-2a09616d2477,33,5,5,"[full] Student correctly answers 'lower than 0.5', identifies the cost asymmetry between FN and FP, and clearly connects this to the threshold decision (willing to accept more FPs to catch more FNs). The reasoning ties threshold to action appropriately. Meets all criteria for full credit per the rubric."
dca262b5-66b6-4954-a4b0-35b1ded318cc,34cfaad4-5309-41f7-b2b4-cef566d427d5,eb99791e-8692-4dbd-b0bf-4c835a921c63,34,5,5,"[full] The student clearly identifies the popularity loop mechanism with the self-reinforcing dynamic, explains why metrics still look good (precision appears successful because it's measured on surfaced items while catalog variety collapses), and proposes two reasonable mitigations (coverage monitoring and exploration slots). All three rubric components for full credit are present."
623ba9ed-bf5c-468b-8382-80a543c7ef2a,3760ed81-fb87-406e-9766-0a33009fc31f,45c3ceae-f884-4741-912b-a2caf5ce30e1,21,4,3,"[partial] The student conveys that the unit of observation depends on the business question and stakeholder, which captures the spirit of 'level of analysis,' though they don't crisply state it as 'what one row represents.' The JobMatch example contrasts a platform-level metric (hire rate) with a recruiter-level metric (applications per day), which gestures at two different units but is framed more as different metrics than as two units derivable from the same dataset. Strong understanding overall, but the definition is slightly shaky and the example doesn't cleanly show one dataset supporting two aggregation levels."
b8f0291d-8496-4fa1-bdea-c57d056a9b84,3760ed81-fb87-406e-9766-0a33009fc31f,5fcb1ea2-216d-4b43-8c45-6b8afa0b851f,22,4,4,"[full] The student clearly identifies the feedback loop (only approved applicants generate observable outcomes, rejected applicants are dropped) and explains the compounding consequence (training data shrinks over time and narrows to a specific group, producing bias). The concrete 70/30 example demonstrates real understanding of the mechanism. This meets both elements of the full-credit rubric in plain language."
6ab3782c-c939-48a9-9f6b-5531f8f64c99,3760ed81-fb87-406e-9766-0a33009fc31f,0cbd4c8c-8016-424c-8c37-945da6aacec8,23,4,3,"[partial] The student correctly identifies that all three phenomena involve the answer reversing when you aggregate/disaggregate or add variables, which captures the unifying operation across the three. However, the framing leans on 'selective bias' (which isn't quite the right concept here) and doesn't crisply articulate the core insight that conclusions are conditional on the model specification. Strong recognition of the shared mechanism, but the underlying lesson is stated somewhat imprecisely."
d0134f1a-1e04-426b-9f20-8fe0e4e018c2,3760ed81-fb87-406e-9766-0a33009fc31f,8e8f837b-b9d4-41ff-9c87-d39a139d8541,24,4,3.5,"[full] The student correctly identifies that training attendance mediates/confounds the gender effect, and that once it's included men and women have equal promotion rates. They also gesture at the upstream issue by noting men's training attendance is lower than women's, which shifts the diagnosis away from promotion bias. They could have been more explicit that the remedy now lies upstream (why is attendance unequal?), so I'm awarding just shy of full credit but in the full tier."
3b78ff8b-e07a-4373-8e4d-c0a9d127f04d,3760ed81-fb87-406e-9766-0a33009fc31f,59aea710-0446-4698-9f69-e90e69d11a15,25,4,3.5,"[full] The student correctly defines variance as sample sensitivity ('prediction changes when data changes') and gives a strong fix (simpler models, regularization). The bias definition is a bit shaky ('when model changes, coefficients change') but the fix — adding the right variable, with the car-type example — clearly demonstrates understanding that bias is a specification problem. Both fixes are correct and well-matched to their concepts, so this is close to full credit with a small deduction for the imprecise bias definition."
0741da82-525a-490f-86b3-dcb5e1d24a35,3760ed81-fb87-406e-9766-0a33009fc31f,bf20a1f1-55e5-4d0b-837a-b95220c19b35,26,4,4,[full] The student clearly distinguishes memorization from generalization and explicitly states that the train/test split is what reveals whether the model learned the underlying pattern versus just memorized. They tie overfitting to the test set's role as the evaluation that exposes this. Both rubric components are present.
b6250090-d06a-41b7-8493-c13e879caa36,3760ed81-fb87-406e-9766-0a33009fc31f,6071629d-df03-49a2-b4cc-ad2591f60310,27,4,4,"[full] The student clearly articulates the conceptual point that residuals can capture something unmeasurable and meaningful, not just noise. They provide the cricket auction example with a clear explanation of how the residual constructs 'brand appeal' by subtracting performance-based price from actual price. This matches the model answer's 'construct an unmeasurable from observed patterns' criterion for full credit."
2dc289e2-c338-4c46-bc95-bcf7b9a6a037,3760ed81-fb87-406e-9766-0a33009fc31f,e1ee87df-b151-4757-8f10-071290f018df,28,4,1,"[minimal] The student defines recall and precision reasonably well, but the application is muddled. The COVID example for precision is questionable — typically for disease detection you'd want high recall (don't miss sick people), and the student doesn't clearly explain why false positives would be more costly than false negatives here. The trading example for recall is also confused: the framing about 'missing out on trading when the market was low in volatile markets is acceptable' actually describes tolerating false negatives, which would favor precision, not recall. The trade-off connections are not correctly made."
1b8f9eba-44ad-4fc9-a4b7-16f191b8357e,3760ed81-fb87-406e-9766-0a33009fc31f,44763eed-6502-4cd3-82dd-f8a5c538e67a,29,4,3.5,"[full] The student correctly describes the mechanism: more features/dimensions make each customer unique and move them away from 'similar,' making it hard to find similarity in high-dimensional space. They name it 'dimensionality' rather than the full 'curse of dimensionality,' which is close but slightly incomplete. The mechanism explanation is solid though could more explicitly mention distance flattening. Awarding 3.5 to reflect strong mechanism with a slightly incomplete name."
dde1a39f-cb5d-4201-a99f-70586d18ca6b,3760ed81-fb87-406e-9766-0a33009fc31f,667c7bd9-4b15-48b6-89fe-7ada3d7c570f,30,4,4,"[full] The student names all four conditions (latent taste, dense interactions, vast catalog, cheap mistakes) and contrasts Spotify's fit with loan approval. While the loan-side contrast is brief ('any mistake made will be low risk... loan approval will fall under classification'), the implicit contrast is clear: loans are high-risk, have fewer products, and fewer interactions per user. This exceeds the 'name two with justification' bar for full credit."
18ac47ff-3f70-4f97-8b82-b5d06b0776b7,3760ed81-fb87-406e-9766-0a33009fc31f,b0dd4e38-0fa5-4799-bf07-df61264a48f5,31,5,4.5,"[strong] The student correctly identifies the unit-of-analysis mismatch (platform metric vs. recruiter's subgroup metric) and requests the right diagnostic information (subgroup-level accuracy by job category like engineering). The connection to the shipping decision is implied but not made fully explicit (i.e., that the action is taken at the subgroup level so the metric should match). Strong answer with a minor gap on explicitly tying subgroup performance to the ship/no-ship decision, so I'm giving it between strong and full."
e99e7e98-1adf-4289-b6eb-37436a2ba6a1,3760ed81-fb87-406e-9766-0a33009fc31f,851e31ca-15ec-4b77-9358-e186b2031428,32,5,5,"[full] The student asks the right diagnostic question (whether Doctor B handles more critical cases — i.e., case-mix breakdown), describes the mechanism in plain language (B's lower aggregate rate could be explained by handling harder cases), and explicitly states the risk of reassignment (Doctor A may not be as good at critical cases, so survival could drop further). This captures Simpson's paradox in plain language without needing the term, satisfying all three rubric components for full credit."
7b76481c-0750-4f6f-8b70-7e1e2851bc8e,3760ed81-fb87-406e-9766-0a33009fc31f,f8d39cba-5276-4ab6-883f-2a09616d2477,33,5,4.5,"[full] Student correctly says 'lower' and identifies the cost asymmetry (FN much more costly than FP), and connects lowering the threshold to reducing FN cost. They don't quantify the 40x ratio or compute breakeven, so the explanation is slightly less precise than the model answer, but the reasoning clearly ties threshold to cost-minimizing action. Awarding near-full credit."
f3a0703b-b691-48b3-83f6-e4c8ec73a0f4,3760ed81-fb87-406e-9766-0a33009fc31f,eb99791e-8692-4dbd-b0bf-4c835a921c63,34,5,4,"[strong] The student clearly identifies the closed-loop mechanism ('model is getting trained on the data it created', 'closed loop problem') and proposes a reasonable mitigation (injecting variation/exploration in recommendations). However, they don't address why standard metrics still look good despite the bad behavior, which is required for full credit per the rubric."
f80ba5b3-714a-481d-8a10-ddd8aad151a7,45bcd2ad-097f-4c93-9cd7-4a407566786c,45c3ceae-f884-4741-912b-a2caf5ce30e1,21,4,4,"[full] The student clearly defines unit of observation as 'what one row in the dataset represents' and provides a concrete example with two distinct units (one row per application vs. one row per candidate-job pair) from the JobMatch dataset. They also add insight that changing the unit can lead to different conclusions, which strengthens the answer."
86cfe803-a194-40c8-821f-2be4c6a0d801,45bcd2ad-097f-4c93-9cd7-4a407566786c,5fcb1ea2-216d-4b43-8c45-6b8afa0b851f,22,4,4,"[full] The student clearly identifies the feedback loop (rejected applicants disappear from training data) and explains the compounding consequence (the model keeps learning from the same favored applicants, narrowing over time). They also correctly note that this happens through the selection mechanism rather than intentional programming. This meets all criteria for full credit."
e2fb7de0-96b8-4871-b213-c133f8cb7e88,45bcd2ad-097f-4c93-9cd7-4a407566786c,0cbd4c8c-8016-424c-8c37-945da6aacec8,23,4,4,"[full] The student clearly articulates the core insight that conclusions depend on what's in the model and how the data is cut. They unify all three phenomena by noting that aggregate relationships can reverse with subgrouping or adding a confounder, and explicitly state that a coefficient/pattern has no fixed meaning on its own. This matches the 'full' tier criteria of recognizing all three as facets of one operation."
f729a20e-dfef-4942-8fd2-29f5aad04fd3,45bcd2ad-097f-4c93-9cd7-4a407566786c,8e8f837b-b9d4-41ff-9c87-d39a139d8541,24,4,4,[full] The student correctly identifies that the gender effect is absorbed by training attendance and explicitly shifts the diagnosis from direct promotion bias to an upstream attendance/access issue that should be investigated. This hits both required pieces of the full-credit rubric: the mediation insight and the diagnostic/remedy shift to upstream causes.
737d13a4-6a76-483d-869a-deb1083bc6f2,45bcd2ad-097f-4c93-9cd7-4a407566786c,59aea710-0446-4698-9f69-e90e69d11a15,25,4,4,"[full] Student clearly defines bias as systematic specification error (missing variables) and variance as sensitivity to the training sample. Provides correct fixes for each: adding the right variable for bias, and regularization/simpler model/more data for variance. All three rubric components are met."
5d14c1a3-4f70-4438-82cb-03d5adea9f93,45bcd2ad-097f-4c93-9cd7-4a407566786c,bf20a1f1-55e5-4d0b-837a-b95220c19b35,26,4,4,[full] The student captures the core idea that a model can fit the training data via a 'wrong rule' that happens to work — this is the multiple-rules-fit-the-same-data insight in plain language. They also tie this directly to the train/test split as the mechanism for checking whether the rule works on new data. Both rubric components are satisfied.
1e9fbcfe-d885-4e59-8b46-206cfcc31a59,45bcd2ad-097f-4c93-9cd7-4a407566786c,6071629d-df03-49a2-b4cc-ad2591f60310,27,4,4,"[full] The student clearly states the conceptual point that residuals can carry signal — a hidden factor we care about, not just noise. They provide the canonical concrete example (player auction residual representing celebrity appeal/brand value), demonstrating the 'construct an unmeasurable from observed patterns' idea. This meets both criteria for full credit."
28b7cf2d-13c8-4601-bfb5-a744da6f9ea6,45bcd2ad-097f-4c93-9cd7-4a407566786c,e1ee87df-b151-4757-8f10-071290f018df,28,4,4,"[full] The student correctly frames both sides: high recall when missing a true case is costly (fraud/disease screening) and high precision when false alarms are costly (expensive retention offers). Both examples are concrete and plausible, and the reasoning matches the cost-of-miss vs cost-of-false-alarm framing in the rubric."
c45e6cf6-80b0-41e6-88db-3ee0145a80d9,45bcd2ad-097f-4c93-9cd7-4a407566786c,44763eed-6502-4cd3-82dd-f8a5c538e67a,29,4,4,"[full] The student clearly describes the mechanism (every customer becomes unique, distances become less meaningful) and correctly names the curse of dimensionality. Both required components of the full-credit rubric are present."
b362b1a6-ad67-45e6-89be-9d05f31c6e3c,45bcd2ad-097f-4c93-9cd7-4a407566786c,667c7bd9-4b15-48b6-89fe-7ada3d7c570f,30,4,4,"[full] The student names multiple conditions (latent taste, cheap mistakes, dense interactions, vast catalog) and provides clear Spotify-vs-loan contrasts for at least two of them: mistakes are cheap on Spotify but expensive for loans, and Spotify has dense interaction history while loan applicants don't. This satisfies the full-credit criteria of naming two conditions with proper contrast."
16eac2d6-55f1-49c8-8437-2275401c9e3b,45bcd2ad-097f-4c93-9cd7-4a407566786c,b0dd4e38-0fa5-4799-bf07-df61264a48f5,31,5,5,"[full] The student clearly names the aggregate-vs-subgroup mismatch ('overall platform accuracy is an aggregate number, while the recruiter is seeing one subgroup'), requests a specific subgroup breakdown (by job type, especially engineering), and connects it to the shipping decision by explaining that aggregate accuracy can hide poor performance for an important subgroup. All three full-credit criteria are met."
5b928fad-7dc1-4f4a-9501-64e8ccdcc81c,45bcd2ad-097f-4c93-9cd7-4a407566786c,851e31ca-15ec-4b77-9358-e186b2031428,32,5,4.5,"[full] The student names Simpson's paradox/confounding, asks the right diagnostic question (whether B treats more severe cases), and explains the mechanism (B looks worse only because of harder cases). They stop just short of explicitly stating the consequence — that reassigning critical cases away from B could remove the best critical-case doctor — so I'm awarding 4.5 rather than a clean 5."
4b2e7b91-cd1f-4efd-aa78-7458d9e9ac42,45bcd2ad-097f-4c93-9cd7-4a407566786c,f8d39cba-5276-4ab6-883f-2a09616d2477,33,5,5,"[full] The student correctly answers 'lower than 0.5', explains the cost asymmetry by citing the $800 vs $20 figures, and clearly connects the lower threshold to the action of flagging more cases. The reasoning ties threshold to cost trade-off explicitly, satisfying all criteria for full credit."
249fb396-c58e-49c3-bf2e-779cf3073757,45bcd2ad-097f-4c93-9cd7-4a407566786c,eb99791e-8692-4dbd-b0bf-4c835a921c63,34,5,5,"[full] The student clearly identifies the popularity loop mechanism with self-reinforcing logic (popular songs get more listens → more confidence → more recommendations). They note that newer songs lack exposure/data, and they propose two valid mitigations: exploration slots and monitoring catalog coverage rather than just accuracy. The mention of 'monitor coverage not just accuracy' implicitly captures the metric blindspot insight, satisfying all three rubric components."
43b2c9b0-acbc-420d-9484-43b6aac35df3,45d88d0b-6518-444c-b602-6d805afd693e,45c3ceae-f884-4741-912b-a2caf5ce30e1,21,4,3.5,"[full] The student clearly defines unit of observation as 'what one row represents' and lists multiple possible units (job, candidate, person, candidate-job pair). The JobMatch example does gesture at two different units of analysis (aggregate platform-level vs. recruiter-level view), though the example is a bit muddled — it's framed more as different audiences/sample sizes than cleanly as two distinct row-level units derivable from the same data. Definition is solid and an example is present, so this lands between partial and full; awarding 3.5."
29cbb674-c4a7-4232-adcf-52b0d69725bf,45d88d0b-6518-444c-b602-6d805afd693e,5fcb1ea2-216d-4b43-8c45-6b8afa0b851f,22,4,3,"[partial] The student correctly identifies the feedback loop: the model is retrained only on approved applicants, and the pool narrows over time. However, the explanation of the compounding consequence is somewhat circular ('this causes bias over time') and doesn't clearly articulate that the training data narrows toward the model's existing preferences or that the model becomes blinder to rejected applicants. The mechanism is named but the consequence is vague, fitting the 'partial' tier."
e6b125a8-2e9d-42ef-80b9-439c3904d689,45d88d0b-6518-444c-b602-6d805afd693e,0cbd4c8c-8016-424c-8c37-945da6aacec8,23,4,4,"[full] The student identifies the core insight that the answer depends on the level of aggregation/what's in the model, and explicitly unifies all three phenomena as the same operation of aggregating up or disaggregating down. They also ground each in a concrete course example (Berkeley admissions, car expense/age with car type, training as a confounder). This meets the full-credit criteria."
151819fb-3aeb-4bf5-b427-fe390cd00535,45d88d0b-6518-444c-b602-6d805afd693e,8e8f837b-b9d4-41ff-9c87-d39a139d8541,24,4,2,"[partial-low] The student recognizes that adding training attendance changes the answer and that the original simple model was answering the wrong question, which shows partial engagement with the mediation idea. However, they don't clearly articulate that promotions don't depend on gender once attendance is held fixed, nor do they shift the diagnosis upstream to whatever drives the attendance gap. The answer is also somewhat muddled (e.g., 'sign is flipped') and doesn't land the remedy/diagnosis shift, so it falls short of the partial (3) tier."
6a18099f-2360-40c7-be25-4a4d18e4b043,45d88d0b-6518-444c-b602-6d805afd693e,59aea710-0446-4698-9f69-e90e69d11a15,25,4,4,"[full] The student correctly distinguishes bias (specification issue, fixed by including the right variables) from variance (sample sensitivity, predictions changing with data). They provide correct fixes for each (right variables for bias; regularization, simpler models, more data for variance). They also explicitly explain why the problems are not interchangeable, noting that more data doesn't fix omitted variable bias and adding variables doesn't fix overfitting — exactly the distinction the rubric rewards."
93e3e86c-644b-4b1a-9f53-68d83133d6fb,45d88d0b-6518-444c-b602-6d805afd693e,bf20a1f1-55e5-4d0b-837a-b95220c19b35,26,4,3,"[partial] The student effectively captures the multiple-rules-fit-the-same-data idea through the clever averages analogy — Student B's wrong method happens to give the right answer on the first example but fails to generalize. This demonstrates understanding of memorization vs. learning the underlying pattern. However, the answer never explicitly connects this to the train/test split or explains that a held-out test set is what exposes whether the rule generalizes, which is required for full credit."
f7ab17c4-110a-48aa-99a0-05d0da00e5cf,45d88d0b-6518-444c-b602-6d805afd693e,6071629d-df03-49a2-b4cc-ad2591f60310,27,4,4,"[full] The student clearly conveys the conceptual point that residuals can capture something meaningful (marketability, popularity) beyond what the model's measured features (Spotify streams) explain. The record-label example is concrete and analogous to the soccer/cricket auction celebrity-appeal example, demonstrating the 'construct an unmeasurable from observed patterns' idea. Both pieces of the rubric are satisfied."
b9b347fa-4f3c-410e-954a-3d1c3c97a62f,45d88d0b-6518-444c-b602-6d805afd693e,e1ee87df-b151-4757-8f10-071290f018df,28,4,4,"[full] The student correctly frames both sides: high recall when missing a true positive is costly (fraud detection example is appropriate), and high precision when false positives are costly/disruptive (over-emailing prospective students damages brand). Both examples are plausible and the reasoning aligns with the rubric's full-credit criteria. Minor wording slip ('true positive is expensive' should be 'false negative is expensive') but the fraud example makes the intent clear."
25a7095e-7356-4349-8b30-5ffeedb4b6ae,45d88d0b-6518-444c-b602-6d805afd693e,44763eed-6502-4cd3-82dd-f8a5c538e67a,29,4,3.5,"[full] The student correctly describes the mechanism: as dimensions increase, every customer becomes unique and distance loses its meaning. They call it a 'dimensionality problem' rather than the precise 'curse of dimensionality,' but the concept is clearly understood. Slight deduction for not naming it precisely, but the mechanism is well-articulated with a concrete example."
7a44804d-efcd-4b63-b852-6b64078b5eb4,45d88d0b-6518-444c-b602-6d805afd693e,667c7bd9-4b15-48b6-89fe-7ada3d7c570f,30,4,4,"[full] The student names two distinct conditions (cheap mistakes and dense interactions) and provides a clear Spotify-vs-loan contrast for each. The skip-vs-default contrast is exactly right, and the many-interactions-vs-single-application contrast is also well articulated. Meets the full-credit criteria."
eae76670-0ada-498b-95d8-225caaee912d,45d88d0b-6518-444c-b602-6d805afd693e,b0dd4e38-0fa5-4799-bf07-df61264a48f5,31,5,1.5,"[minimal] The student gestures at a relevant data-science principle ('who is not in the data') but doesn't actually identify the unit-of-analysis mismatch that makes both claims simultaneously true. They don't request a subgroup performance breakdown as the diagnostic, instead pivoting to a selection-bias-style framing about population coverage. This is adjacent to the right idea but misses the core insight that aggregate and subgroup metrics can both be correct at different units."
79564073-a2b2-4b3b-b7c1-0f1c007055b6,45d88d0b-6518-444c-b602-6d805afd693e,851e31ca-15ec-4b77-9358-e186b2031428,32,5,2.5,"[partial] The student asks reasonable diagnostic questions (unit of observation, who's missing, patient counts) and recognizes that aggregation can mislead. However, they don't identify case severity / case mix as the key confounder, nor do they name or describe Simpson's paradox mechanism (that the aggregate can reverse once you condition on severity). The answer hovers between partial-low and partial — they're asking 'are the cases/data comparable?' in a general sense without the specific case-mix insight."
cf028469-c6df-4346-a9ec-a00771926ed9,45d88d0b-6518-444c-b602-6d805afd693e,f8d39cba-5276-4ab6-883f-2a09616d2477,33,5,5,"[full] Student correctly answers 'lower', identifies the cost asymmetry (FN > FP), and connects the threshold decision to the cost trade-off by noting that accepting more FPs is worth it because each mistake is cheaper. The framing of threshold as a business decision shows understanding that 0.5 is not a statistical default. Meets all full-credit criteria even without computing the breakeven."
4fadd056-9ac8-429b-a28b-e0dfb03f5de3,45d88d0b-6518-444c-b602-6d805afd693e,eb99791e-8692-4dbd-b0bf-4c835a921c63,34,5,5,"[full] The student clearly identifies the popularity loop mechanism, explains the self-reinforcing dynamic, articulates why metrics still look good (good on surfaced items, silent on the rest), and proposes monitoring coverage as a mitigation. All three rubric components for full credit are present."
a478042c-6bb1-4570-a6f8-9888d727c026,4c595d20-4a87-41a9-b636-3faa275333ad,45c3ceae-f884-4741-912b-a2caf5ce30e1,21,4,1.5,"[minimal] The definition ('one row in a dataset gives the unit of observation') is on the right track but very thin — it states rows without clearly explaining that the unit is what each row represents. The example about car resale describes different attributes/features used, not two different units of observation derivable from the same dataset (e.g., car-level vs listing-level vs transaction-level). This conflates unit of observation with feature selection, which is closer to the 'minimal' tier with a slight bump for the correct row-based intuition."
e46d52f4-14f6-4d07-bdcc-340cc96eb60f,4c595d20-4a87-41a9-b636-3faa275333ad,5fcb1ea2-216d-4b43-8c45-6b8afa0b851f,22,4,3,"[partial] The student correctly identifies the feedback loop mechanism: the model only sees data from shortlisted/approved candidates, rejected applicants are missing from training, and this same pattern repeats over iterations. However, the answer stops short of clearly explaining the compounding consequence — that bias progressively worsens as the training data narrows further toward the model's existing preferences. The mechanism is named well but the 'gets worse over time' consequence is only implied by 'multiple iterations' rather than explicitly developed."
bc5f2b80-cf04-4ba0-b4bd-a0a0487e6494,4c595d20-4a87-41a9-b636-3faa275333ad,0cbd4c8c-8016-424c-8c37-945da6aacec8,23,4,1.5,"[minimal] The student identifies that aggregated results can differ from subcategory results, which touches on Simpson's paradox but doesn't unify it with the regression sign-flip or 'controlling for' a confounder. Moreover, the prescription 'always sub-categorize' is closer to the common wrong answer — it misses the conditional-on-specification lesson that the conclusion depends on what's in the model, not that one level is always correct. Slight credit above minimal for gesturing at the level-of-analysis idea."
eb022428-dbeb-459f-8202-0631b36cf927,4c595d20-4a87-41a9-b636-3faa275333ad,8e8f837b-b9d4-41ff-9c87-d39a139d8541,24,4,1,"[minimal] The student vaguely identifies that training attendance/score is the relevant factor rather than gender directly, which gestures at the mediation idea. However, they misread the direction (claiming women get higher promotions) and don't engage with the diagnostic shift — that the bias question moves upstream to what drives attendance differences. This fits the 'minimal' tier: noting training matters without engaging with the diagnosis."
c1e79552-1385-47bc-8445-1ab783c69574,4c595d20-4a87-41a9-b636-3faa275333ad,59aea710-0446-4698-9f69-e90e69d11a15,25,4,1,"[minimal] The student uses an analogy that vaguely gestures at underfitting (one-size-fits-all) vs. overfitting (tailored to each), but this conflates bias with 'too simple' and variance with 'too specific' rather than capturing bias as systematic specification error and variance as sample-sensitivity. No fixes are offered for either problem. The answer names the concepts and shows partial intuition but lacks the precision and remedies the rubric requires."
9705590e-52bb-48d4-97c3-ccaef4f9fb08,4c595d20-4a87-41a9-b636-3faa275333ad,bf20a1f1-55e5-4d0b-837a-b95220c19b35,26,4,3,"[partial] The student correctly identifies overfitting as the issue and ties it to the train/test split, explaining that the model is built on train and evaluated on unseen test data. However, they don't articulate the deeper 'why' — that multiple rules can fit the same training data, so training accuracy alone can't distinguish memorization from learning the pattern. This earns the partial tier at 3 points."
1513feaa-ed66-4664-a092-e66d4ac50eb6,4c595d20-4a87-41a9-b636-3faa275333ad,6071629d-df03-49a2-b4cc-ad2591f60310,27,4,4,"[full] The student identifies the conceptual point that residuals can capture an important unmeasured feature (not just noise) and explicitly distinguishes the two possibilities. They provide the canonical sportsperson/celebrity-appeal example, even noting that brand appeal can be cross-validated via social media following. This demonstrates understanding that residuals can construct an unmeasurable variable from observed patterns."
6ec1a054-ed7f-4daa-a8f4-80e4745d7c84,4c595d20-4a87-41a9-b636-3faa275333ad,e1ee87df-b151-4757-8f10-071290f018df,28,4,1,"[minimal] The student defines recall and precision with their formulas but does not explain when to prefer one over the other. Only one example is given (delayed product review), and it isn't clearly tied to either recall- or precision-favoring reasoning. This matches the 'minimal' tier: definitions present but no connection to when each matters."
71063946-8863-4a7f-b1de-6eca9da70142,4c595d20-4a87-41a9-b636-3faa275333ad,44763eed-6502-4cd3-82dd-f8a5c538e67a,29,4,1,"[minimal] The student talks about overfitting and noise and mentions PCA as a remedy, but does not describe the distance-flattening mechanism (every point becoming unique, similarity losing meaning) and does not name the curse of dimensionality. Per the rubric, this matches the 'minimal' tier — too-many-features/overfitting language without the core intuition."
a8d63bb1-0bdd-4575-966b-bb731450ea00,4c595d20-4a87-41a9-b636-3faa275333ad,667c7bd9-4b15-48b6-89fe-7ada3d7c570f,30,4,2,"[partial-low] The student clearly names and justifies one condition (cheap mistakes) with a strong Spotify-vs-loan contrast. However, they only provide one condition when the question explicitly asks for two. Per the rubric, naming one condition with justification falls between minimal (1 pt) and partial-low; since the justification is thorough and well-explained, I'm awarding 2 points."
38df2db1-3632-45b6-87ee-781f6bf8b283,4c595d20-4a87-41a9-b636-3faa275333ad,b0dd4e38-0fa5-4799-bf07-df61264a48f5,31,5,4,"[strong] The student correctly identifies the aggregate vs subgroup mismatch with a concrete numeric illustration (73% overall, 25% in a category) and requests subgroup-level information (how many subcategories perform poorly, plus cost of errors). However, the connection to the shipping decision is left implicit — they don't explicitly state that the action is taken at the subgroup level so the metric should match. This fits the 'strong' tier at 4 points."
edc5d536-c592-4c18-a666-8fc7d51668cb,4c595d20-4a87-41a9-b636-3faa275333ad,851e31ca-15ec-4b77-9358-e186b2031428,32,5,4,"[strong] The student correctly identifies the case-severity / case-mix mechanism by asking whether Doctor B's patients were higher risk, and notes that the reassignment would be unfair/irrational. They describe the mechanism in plain language without naming Simpson's paradox, and don't explicitly articulate the consequence (that B might actually be the best critical-case doctor and reassignment would remove them). This fits the 'strong' tier: right diagnostic question and mechanism, but the consequence is only implied."
00a5e2a1-c7ff-40b5-a45a-2038df7d0714,4c595d20-4a87-41a9-b636-3faa275333ad,f8d39cba-5276-4ab6-883f-2a09616d2477,33,5,5,"[full] Student correctly says 'lower than 0.5', identifies the cost asymmetry (FN significantly higher than FP), and ties it to action (more transaction inspections). The reasoning connects threshold to the business cost trade-off clearly in 2-3 sentences, meeting all full-credit criteria."
c7d50b81-2dc0-43ca-92a3-8740e9767a59,4c595d20-4a87-41a9-b636-3faa275333ad,eb99791e-8692-4dbd-b0bf-4c835a921c63,34,5,3,"[partial] The student gestures at the feedback mechanism by noting that previous choices are fed back into future recommendations, and proposes reasonable mitigations (a 'surprise me' exploration feature, surfacing trending items). However, they don't clearly articulate the closed-loop / rich-get-richer dynamic, and they don't address why standard metrics still look good. This fits the 'partial' tier — vague feedback description with a mitigation present."
06ff36ce-ac10-4802-8829-845b2552cb8f,54a93331-762a-4d30-8c00-38498df484b6,45c3ceae-f884-4741-912b-a2caf5ce30e1,21,4,2.5,"[partial-low] The student conveys that a unit of observation is what one row represents (listing 'a person, a session, a transaction'), which shows correct understanding of the definition. However, they don't give a concrete example of how the SAME dataset could support two different units — they list possible units generically and gesture at 'different stories' without illustrating it. This puts the response between partial-low and partial: definition is reasonable but the example piece is underdeveloped."
b0ed34fa-24a4-456e-9b4f-65e2f598eabf,54a93331-762a-4d30-8c00-38498df484b6,5fcb1ea2-216d-4b43-8c45-6b8afa0b851f,22,4,2.5,"[partial] The student correctly identifies the feedback mechanism: only approved applicants have observed outcomes, and rejected applicants disappear from training data. However, they don't explain the compounding consequence — that the training set narrows toward the model's existing preferences and bias gets worse over successive retrains. This sits between partial-low (2) and partial (3); I'm awarding 2.5 since the mechanism is clearly stated but the 'progressively' part of the question is left unaddressed."
834bc95d-2f1e-4ee0-b9cb-20cda43d35dd,54a93331-762a-4d30-8c00-38498df484b6,0cbd4c8c-8016-424c-8c37-945da6aacec8,23,4,1.5,"[minimal] The student gestures at the idea that looking at subgroups can flip the story, which touches on the Simpson's paradox aspect. However, the answer is unclear, doesn't unify all three phenomena (sign-flip, controlling for confounder), and doesn't articulate the underlying operation that the conclusion depends on what's in the model. It's closer to defining one phenomenon than identifying the unifying lesson."
ef1b1623-a4b7-4d60-9a4f-914cde180bff,54a93331-762a-4d30-8c00-38498df484b6,8e8f837b-b9d4-41ff-9c87-d39a139d8541,24,4,0.5,"[none] The student concludes 'there is gender bias in promotions,' which is the exact wrong conclusion flagged in the common wrong answers — the point is that the gap shifts to training attendance, not that promotion bias is confirmed. They do gesture at training attendance differences between men and women, which shows partial awareness of the mechanism, but they misdirect the diagnosis. A small amount of credit is warranted for noticing the attendance asymmetry, but the core interpretive move is wrong."
2866584f-8e07-4d74-8afe-a030f4b49a34,54a93331-762a-4d30-8c00-38498df484b6,59aea710-0446-4698-9f69-e90e69d11a15,25,4,1,"[minimal] The student gestures at bias being systematic ('wrong in one direction') which is acceptable, but the variance definition is shaky and somewhat confused — variance is sensitivity to the sample/data, not to changes in 'model specification.' Critically, no fixes are offered for either bias or variance. Per the rubric, naming both concepts without providing fixes falls into the minimal tier."
95000a3a-2c2d-472c-ad59-f239cf1534ff,54a93331-762a-4d30-8c00-38498df484b6,bf20a1f1-55e5-4d0b-837a-b95220c19b35,26,4,2,"[partial-low] The student correctly identifies that fitting training data perfectly may just mean memorization rather than learning the pattern, and gives an example to illustrate. However, they don't connect this to the train/test split at all — there's no mention of a held-out test set being the way to detect whether the model generalizes. Per the rubric, noting memorization without tying it to the train/test split fits the partial-low tier."
c4eb0136-5c72-4313-bd29-2c7c300a4dbe,54a93331-762a-4d30-8c00-38498df484b6,6071629d-df03-49a2-b4cc-ad2591f60310,27,4,3.5,"[full] The student captures the key conceptual point: residuals can reveal hidden/unmeasured elements not directly in the data. They also reference the celebrity/auction example, showing they remember the concrete case where residuals construct an unmeasurable (celebrity appeal). The phrasing is rough and the example explanation is somewhat garbled, so I'm shading slightly below a clean full-credit answer, but the core understanding and correct example are both present."
8d7807e7-8132-45eb-9058-492a33153917,54a93331-762a-4d30-8c00-38498df484b6,e1ee87df-b151-4757-8f10-071290f018df,28,4,3.5,"[full] The student correctly frames both sides: high recall when missing positives is costly, high precision when false alarms are expensive. The precision example (expensive marketing to clients who don't need it) is concrete and plausible. The recall example ('like false detection') is a bit vague — it gestures at the right idea but isn't as concrete as cancer screening or fraud. I'm awarding between partial and full credit, leaning toward full since the framing is solid and both sides have examples."
129a4530-8571-4823-b747-eea77781a2f9,54a93331-762a-4d30-8c00-38498df484b6,44763eed-6502-4cd3-82dd-f8a5c538e67a,29,4,1.5,"[minimal] The student gestures at the idea that observations become unique as features grow ('bubble bigger and unique'), which is partially the right intuition. However, the explanation is unclear and contradictory (first says customers become 'less and less different', then says they become unique), and does not name the curse of dimensionality. The distance-flattening mechanism is not clearly articulated, so this sits between minimal and partial-low."
f5e1f629-955c-47ba-baa4-74a0e32de917,54a93331-762a-4d30-8c00-38498df484b6,667c7bd9-4b15-48b6-89fe-7ada3d7c570f,30,4,2,"[partial-low] The student gestures at two conditions: dense interactions ('a lot of users feedback data') and cheap mistakes ('less cost mistakes'). The cheap-mistakes contrast is reasonably clear (Spotify recommendations are low-cost, loans are high-risk), but the dense-interactions point isn't really contrasted with loans. The mention of fairness/regulation is the common wrong-answer pattern and doesn't add credit. Earns partial-low for naming two conditions with only one well-justified contrast."
dfc4cfff-851e-4e80-a6f8-bba5243cf5f5,54a93331-762a-4d30-8c00-38498df484b6,b0dd4e38-0fa5-4799-bf07-df61264a48f5,31,5,2,"[partial-low] The student correctly identifies that aggregate accuracy can hide poor performance in a specific subgroup like engineering jobs, which shows partial understanding. However, they don't explicitly frame this as a unit-of-analysis mismatch, don't request any specific additional information (the question explicitly asks for one piece of info to request), and don't connect it to the shipping decision. This fits the partial-low tier."
2239bbbc-a61f-4c9d-a07d-1a7466ce289e,54a93331-762a-4d30-8c00-38498df484b6,851e31ca-15ec-4b77-9358-e186b2031428,32,5,4,"[strong] The student asks the right diagnostic question (whether Doctor B treats more severe cases) and identifies the mechanism as misleading aggregation — essentially Simpson's paradox in plain language. However, they don't explicitly state the consequence (that reassigning could remove the best critical-case doctor), which is required for full credit. This fits the 'strong' tier at 4 points."
f8a9761d-7e02-43c2-af83-0dda3744dad5,54a93331-762a-4d30-8c00-38498df484b6,f8d39cba-5276-4ab6-883f-2a09616d2477,33,5,0,"[none] The student chose 'exactly 0.5' which is the trap answer explicitly flagged in the rubric. There is no recognition of the cost asymmetry between false positives ($20) and false negatives ($800), and the reasoning ('protect waste and loss at the same time') doesn't engage with the trade-off. Per the rubric, defaulting to 0.5 as standard receives 0 points."
fa7e744f-4d7a-4c90-ac79-967ac80264a2,54a93331-762a-4d30-8c00-38498df484b6,eb99791e-8692-4dbd-b0bf-4c835a921c63,34,5,1,"[minimal] The student gestures at the idea that users don't get exposed to new options, which is a symptom of the popularity loop, but doesn't articulate the self-reinforcing feedback mechanism, doesn't address why standard metrics still look good, and doesn't propose a mitigation. The answer is also quite unclear in expression. This earns minimal credit for sensing that exploration is restricted."
58b3f92d-8442-46e6-b4a6-dfb0ac20d046,579a42ba-2c43-4d38-8603-66afce66547d,45c3ceae-f884-4741-912b-a2caf5ce30e1,21,4,3,"[partial] The definition is correct — the student says a unit of observation is a row of data and gives plain-language examples (a person, a line of invoice). However, the example of two different units from the same dataset is shaky: the student frames both as 'price' rather than clearly distinguishing units like brand-level vs car-level. The idea of aggregating by brand vs treating each car as a row is implicit but not cleanly articulated, so this falls short of full credit."
d15af4a1-8d65-4596-bdf7-474ef28794ed,579a42ba-2c43-4d38-8603-66afce66547d,5fcb1ea2-216d-4b43-8c45-6b8afa0b851f,22,4,4,"[full] The student clearly identifies the feedback loop (only approved applicants have observable outcomes, rejected ones are excluded regardless of true repayment ability) and explains the compounding consequence (the model becomes more confident in the existing pattern and increasingly blind to creditworthy applicants outside it). Both rubric components are present in plain language, matching the model answer's logic."
08cc7961-e3c0-4b3f-b55e-d50fe01e8256,579a42ba-2c43-4d38-8603-66afce66547d,0cbd4c8c-8016-424c-8c37-945da6aacec8,23,4,1,"[minimal] The student gestures at the idea that what's outside the model matters, but doesn't articulate the core lesson that conclusions depend on what's included in the specification, nor does it unify Simpson's paradox, the sign-flip, and controlling for a confounder as facets of one operation. The answer is vague and almost inverts the lesson (focusing on what's NOT in the model rather than recognizing that the answer is conditional on what IS in the model). It earns minimal credit for hinting that variable choice matters."
53d5ddc7-9406-4f57-a21e-ef5ede190ebb,579a42ba-2c43-4d38-8603-66afce66547d,8e8f837b-b9d4-41ff-9c87-d39a139d8541,24,4,1.5,"[minimal] The student correctly identifies that training-attendance absorbs the gender coefficient, which shows some understanding of mediation/confounding. However, they conclude 'there is no gender bias in promotions,' which is exactly the common wrong answer flagged in the rubric — the bias may have simply shifted upstream to attendance access. They miss the key diagnostic shift entirely, so this falls between 'minimal' and 'none.'"
ea5889fa-a92f-427a-835a-ce0b073516bd,579a42ba-2c43-4d38-8603-66afce66547d,59aea710-0446-4698-9f69-e90e69d11a15,25,4,4,"[full] The student correctly identifies bias as a model specification problem (explanatory variables can't explain the outcome, model too simple) and variance as sample-sensitivity (model fits training data but not new data, overfitting). They provide a correct fix for each: adding explanatory variables for bias, and simplifying the model to prevent overfitting for variance. The phrasing is plain-language but maps clearly onto the rubric's required concepts."
4195695c-f49a-4493-bfdf-174fa1238988,579a42ba-2c43-4d38-8603-66afce66547d,bf20a1f1-55e5-4d0b-837a-b95220c19b35,26,4,2.5,"[partial] The student correctly identifies overfitting as the issue and connects it to the train/test split (test data reveals high variance/overfitting). However, they don't articulate the key insight that multiple rules can fit the same training data — i.e., why training accuracy alone is insufficient. The discussion of random splitting is tangential to the core question. This sits between partial-low (2) and partial (3); I'm awarding 2.5 because overfitting is tied to the train/test split but the 'multiple rules fit' reasoning is missing."
d6ed6115-ceae-4fcb-a02a-719bf87e667b,579a42ba-2c43-4d38-8603-66afce66547d,6071629d-df03-49a2-b4cc-ad2591f60310,27,4,3,"[partial] The student grasps the conceptual point that residuals contain useful information beyond what the model captures, and that we can extract meaningful signal from them. However, the example is somewhat off-target: it describes using residuals to find additional measurable variables (type, MPG) to add to the model, rather than the key idea of constructing an unmeasurable construct (like celebrity appeal) from the residual itself. The example shows engagement but misses the 'make the unmeasurable measurable' insight."
9923dffb-88e3-4a7a-bcf0-9df9fbe5ef9c,579a42ba-2c43-4d38-8603-66afce66547d,e1ee87df-b151-4757-8f10-071290f018df,28,4,4,"[full] The student correctly frames both sides: high precision when false positives are costly (promoting unqualified employee) and high recall when false negatives are costly (medical testing). Both examples are concrete and plausible, matching the model answer's logic. Full credit per the rubric."
659ba8b5-bebb-42f4-8671-e25b655463d8,579a42ba-2c43-4d38-8603-66afce66547d,44763eed-6502-4cd3-82dd-f8a5c538e67a,29,4,2,"[partial-low] The student captures the core intuition that similarity weakens as dimensions grow, which is the right mechanism direction. However, the explanation is shaky — they say distances become 'too far' rather than that distances flatten/become uniformly similar, which slightly misstates the mechanism. They also fail to name the curse of dimensionality. Missing both the precise mechanism and the name lands this in partial-low territory."
1ea5f639-f836-4a31-b159-0f62e7a68bcf,579a42ba-2c43-4d38-8603-66afce66547d,667c7bd9-4b15-48b6-89fe-7ada3d7c570f,30,4,1,"[minimal] The student names two conditions (dense interactions and vast catalog) but provides no contrast with loan approval and no explanation of why Spotify satisfies these conditions while loans don't. Per the rubric, naming two conditions without explaining the contrast earns minimal credit (1 point)."
cb14bb0b-5525-49b1-8801-b588e043089b,579a42ba-2c43-4d38-8603-66afce66547d,b0dd4e38-0fa5-4799-bf07-df61264a48f5,31,5,1,"[minimal] The student reframes this as an accuracy-vs-precision metric issue, which misses the core unit-of-analysis insight. Both numbers can be true because they're measured at different units (platform-wide vs engineering subgroup), not because they measure different things. Requesting precision/recall/cutoff is tangentially related to evaluation but doesn't address the subgroup performance question that would actually resolve the disagreement. Minimal credit for engaging with the evaluation question, but the framing is wrong."
041e6b40-2491-4b79-8717-8fa0a5ae7cf5,579a42ba-2c43-4d38-8603-66afce66547d,851e31ca-15ec-4b77-9358-e186b2031428,32,5,4.5,"[full] The student correctly identifies the case-mix mechanism (Doctor B may have harder patients) and proposes the right diagnostic move (group patients by type and compare survival rates within groups). This captures Simpson's paradox in plain language. They don't explicitly state the consequence of reassigning (losing the best critical-case doctor), so I'm awarding 4.5 rather than full 5 — between strong and full tiers."
eb400468-2295-4ff5-8d49-4fd7cdae1047,579a42ba-2c43-4d38-8603-66afce66547d,f8d39cba-5276-4ab6-883f-2a09616d2477,33,5,4.5,"[full] Student correctly answers 'lower than 0.5' and explains the cost asymmetry by citing both costs ($800 vs $20) and connects it to the action (prioritize catching fraud over customer-service costs). The reasoning ties threshold to action clearly, though it doesn't explicitly compute the 40x ratio or breakeven point. Strong full-credit answer with minor deduction for not quantifying the asymmetry more precisely."
6944431c-71ac-4de9-a2c8-26602bfa7a02,579a42ba-2c43-4d38-8603-66afce66547d,eb99791e-8692-4dbd-b0bf-4c835a921c63,34,5,2.5,"[partial] The student names the popularity loop mechanism and gestures at why niche tastes get ignored, showing understanding of the feedback dynamic. However, they don't explain why the standard metrics still look good (the metric blindspot on the long tail), and they don't propose any mitigation (e.g., exploration slots, coverage monitoring, diversity injection). Per the rubric, vaguely describing the feedback effect while missing the mitigation falls between partial-low (2) and partial (3)."
d0d8895e-a005-4e09-9d65-9b57d860328d,5b440348-761c-477d-b109-2056053c3db7,45c3ceae-f884-4741-912b-a2caf5ce30e1,21,4,3.5,"[full] The student correctly defines unit of observation as what one row represents ('what unit we observe in a row') and gives an example of two different units from the same hiring data: candidate-level vs company-level analysis. The wording is a bit rough and the example could be more concrete, but both required pieces are present. Slight deduction for clarity, but the core understanding is clearly there."
528b87ae-eb4a-4ce6-b487-3b15502c4d81,5b440348-761c-477d-b109-2056053c3db7,5fcb1ea2-216d-4b43-8c45-6b8afa0b851f,22,4,3,"[partial] The student clearly identifies the selection mechanism: only approved applicants generate training data, while rejected applicants are excluded, making the model more confident about approved-type applicants. However, the answer doesn't explicitly describe the compounding/progressive nature over successive retrains — it explains the mechanism in a single round but doesn't quite articulate how bias worsens over time. Per the rubric, this fits 'partial': names the feedback loop but the compounding consequence is implicit rather than explicit."
c42b3793-2d87-4768-94e8-2f18b107d942,5b440348-761c-477d-b109-2056053c3db7,0cbd4c8c-8016-424c-8c37-945da6aacec8,23,4,2,"[partial-low] The student correctly describes all three phenomena with concrete examples, showing they understand each individually. However, they don't articulate the unifying lesson — that all three are the same operation (the conclusion depends on what's in the model / what level you analyze at). They show the 'same data different result' idea implicitly through examples but never state the underlying connection explicitly, which fits the partial-low tier of mentioning all three without articulating the underlying operation."
72b25676-e98a-47ea-b63e-0c0043b975b5,5b440348-761c-477d-b109-2056053c3db7,8e8f837b-b9d4-41ff-9c87-d39a139d8541,24,4,3,"[partial] The student correctly identifies that training attendance is a confounder absorbing the gender effect, and gives a concrete mechanism (men have lower attendance, so the gender effect vanishes once controlled). However, they don't explicitly address what this means for the diagnosis 'there is gender bias in promotions' — they don't note that the bias isn't at the promotion decision itself but may have shifted upstream to whatever drives the attendance gap. This matches the 'partial' tier: strong on the mechanism but missing the diagnostic/remedy shift."
3aac7d9d-9b61-49fd-ada9-35bfc289e2a3,5b440348-761c-477d-b109-2056053c3db7,59aea710-0446-4698-9f69-e90e69d11a15,25,4,3,"[partial] The student correctly identifies bias as needing to add the right variables (using car price/type as an example of omitted variables) and gives the correct fix (add variables). For variance, they correctly note it's about sample sensitivity ('result is different from 10000 to 100 people') and propose more data as a fix. However, the bias definition is somewhat shaky/unclear in wording, and the explanation of why they're not interchangeable is implicit rather than explicit. Both fixes are correct, so this fits the 'partial' tier."
f31fae61-71db-45ce-8f0b-31569948618a,5b440348-761c-477d-b109-2056053c3db7,bf20a1f1-55e5-4d0b-837a-b95220c19b35,26,4,2,[partial-low] The student gestures at the right idea — that training data alone is limited and that we should hold out some data to test — but doesn't articulate the key concept that multiple rules can fit the same training data (memorization vs generalization). The mechanics of the train/test split are mentioned but the purpose (revealing whether the rule generalizes to new data) is only weakly implied. This fits the partial-low tier: on track but missing the 'why.'
c57d0015-8c37-42ca-b7a7-6c6777630327,5b440348-761c-477d-b109-2056053c3db7,6071629d-df03-49a2-b4cc-ad2591f60310,27,4,4,"[full] The student makes the conceptual point clearly: residuals capture something hard to measure directly and are not noise but carry value. They provide the soccer/sports player example, explicitly identifying fan appeal/influence as the unmeasurable construct revealed by the residual. Despite rough phrasing, the understanding maps directly onto the 'construct an unmeasurable from observed patterns' idea, meriting full credit."
250e8102-2489-4f90-b110-62f3f4b2569c,5b440348-761c-477d-b109-2056053c3db7,e1ee87df-b151-4757-8f10-071290f018df,28,4,1.5,"[minimal] The student's definitions of recall and precision are garbled — the recall explanation is incoherent, and precision is described vaguely as 'prediction rate.' They do correctly connect high recall to COVID-19 (a false-negative-costly scenario), which shows some grasp of when recall matters. However, no concrete example is given for the precision side — just 'for false positive, we need high precision,' which restates the definition without a business example. This sits between minimal (defines but doesn't connect) and partial-low (one side has an example), so I'm awarding 1.5."
a195a026-30e5-49a4-ba01-7ec505390eac,5b440348-761c-477d-b109-2056053c3db7,44763eed-6502-4cd3-82dd-f8a5c538e67a,29,4,2,"[partial-low] The student gestures at the right mechanism — high dimensions make observations dissimilar from each other — and correctly suggests dimensionality reduction as a remedy. However, the explanation is shaky (saying features have 'high variance and distance' rather than that distances between points flatten/become uniform), and the student never names the curse of dimensionality. This fits partial-low: rough mechanism, no name."
247160c2-6196-433e-bcc5-e2577b8dccf4,5b440348-761c-477d-b109-2056053c3db7,667c7bd9-4b15-48b6-89fe-7ada3d7c570f,30,4,0.5,"[none] The student gestures at the idea that Spotify learns preferences from listening behavior while loans rely on existing/observable criteria like income, which is a faint echo of the 'latent taste' condition. However, they don't clearly name two conditions, don't contrast them with Spotify-vs-loan reasoning in a coherent way, and the answer is too garbled to credit a second condition. This sits between 'none' and 'minimal' — awarding minimal partial credit for the hint at latent taste."
9388f6c9-7fcf-43fa-baea-8d20db669db2,5b440348-761c-477d-b109-2056053c3db7,b0dd4e38-0fa5-4799-bf07-df61264a48f5,31,5,0,"[none] The student frames this as a threshold/cutoff problem with false positive/negative tradeoffs, which misses the core insight entirely. The question is about unit-of-analysis mismatch (platform aggregate vs. engineering subgroup), not classification thresholds. The student does not request subgroup performance breakdown or recognize that both metrics can be simultaneously true at different units."
4346d8ef-7aaa-417b-837a-adc7ba68a8f5,5b440348-761c-477d-b109-2056053c3db7,851e31ca-15ec-4b77-9358-e186b2031428,32,5,4.5,"[strong] The student correctly names Simpson's paradox and identifies the mechanism (Doctor B may be treating more severe cases while Doctor A treats easier ones), and implicitly suggests breaking down by disease severity. However, they don't explicitly state the consequence — that reassigning critical cases away from B could remove the best critical-case doctor. This puts them between strong (4) and full (5), so I'm awarding 4.5."
2eadfbdb-15aa-46d8-8865-3ba3469ffb36,5b440348-761c-477d-b109-2056053c3db7,f8d39cba-5276-4ab6-883f-2a09616d2477,33,5,1,"[none] The student correctly identifies the cost asymmetry (FN $800 > FP $20) and recognizes the need to reduce FN and accept more FP. However, they reverse the direction by saying 'higher than 0.5' — a higher threshold would actually produce fewer flags and MORE false negatives, the opposite of their stated goal. Per the rubric, reversed direction zeros out unless reasoning salvages partial credit; I award 1 point because they did identify the cost asymmetry correctly even though they misapplied it to threshold direction."
a5aaf591-dc4b-4ee7-9688-d3441d17a3a3,5b440348-761c-477d-b109-2056053c3db7,eb99791e-8692-4dbd-b0bf-4c835a921c63,34,5,2.5,"[partial] The student gestures at a feedback/filter-bubble idea ('model forms preference' from history) but doesn't clearly articulate the closed-loop mechanism where the model's own surfaced items generate the data it retrains on. They propose a mitigation (introducing new songs to retrain), which is roughly in the spirit of exploration/diversity injection though vaguely stated. They do not address why standard metrics still look good, so this falls between partial-low and partial."
35d84cb1-e0e0-4cd5-9f01-299b0f1c85e6,6f2f0bf5-7c54-423b-aacb-0f44cd3cd84c,45c3ceae-f884-4741-912b-a2caf5ce30e1,21,4,3,"[partial] The definition is solid — the student clearly states that unit of observation is what one row represents and even lists possibilities (person, job, session). However, the example is weak: while it gestures at JobMatch and notes that different units yield different answers, it doesn't concretely show two different units derivable from the same dataset (e.g., event-level vs candidate-level). The COO/HR framing hints at the idea but doesn't clearly name two units."
e3d57636-ed0f-4851-a485-ed456777b72e,6f2f0bf5-7c54-423b-aacb-0f44cd3cd84c,5fcb1ea2-216d-4b43-8c45-6b8afa0b851f,22,4,2.5,"[partial] The student correctly identifies the selection mechanism: the bank only observes outcomes for approved applicants, and rejected applicants never generate outcome data. However, they don't explain the compounding consequence over time — that the training data narrows toward the model's existing preferences and bias progressively worsens with each retrain. This sits between partial-low and partial; I'm awarding 2.5 because the mechanism is clearly named but the 'progressively biased over time' piece (the heart of the question) is not addressed."
512af60c-492d-428f-bb3e-a93c69f7961a,6f2f0bf5-7c54-423b-aacb-0f44cd3cd84c,0cbd4c8c-8016-424c-8c37-945da6aacec8,23,4,3,"[partial] The student captures the core insight that the conclusion depends on how you slice/analyze the data — the same data can yield different (even reversed) conclusions depending on the specification. However, they don't explicitly unify the three phenomena (Simpson's, sign-flip, controlling for) as facets of the same operation, nor articulate that conditioning/aggregating/disaggregating are versions of the same move. This fits the 'partial' tier: the 'depends on the model' insight is present but the unification is missing."
9fd23fa4-d8f0-4e7f-b86d-5e80688502e3,6f2f0bf5-7c54-423b-aacb-0f44cd3cd84c,8e8f837b-b9d4-41ff-9c87-d39a139d8541,24,4,2.5,"[partial] The student correctly identifies that conditioning on training attendance reveals the true picture and notes that the diagnosis and remedy shift — that's the key analytical move. However, they don't explicitly state that the gender effect is mediated/absorbed by attendance, nor do they articulate where the bias has actually moved (upstream to attendance access). The mention of attendance differences by gender hints at the upstream issue but doesn't quite connect it to the diagnostic shift, so this lands between partial-low and partial."
f221572c-87d5-43dd-9866-0d29baa5abb8,6f2f0bf5-7c54-423b-aacb-0f44cd3cd84c,59aea710-0446-4698-9f69-e90e69d11a15,25,4,1,"[minimal] The student names bias and variance but the definitions are shaky and confused — 'bias is the coefficient when the model changes' doesn't capture systematic/specification error, though 'variance is the prediction changes when the data changes' is roughly correct. No fixes are provided for either. This fits the 'minimal' tier: names both concepts but conflates/confuses them and gives no fixes."
d14e29bc-efe7-4d0e-835a-a0c405b429cf,6f2f0bf5-7c54-423b-aacb-0f44cd3cd84c,bf20a1f1-55e5-4d0b-837a-b95220c19b35,26,4,4,"[full] The student clearly identifies memorization vs. learning the underlying pattern (overfitting) and ties it directly to the purpose of the train/test split: evaluating generalization on unseen data. While they don't explicitly say 'multiple rules fit the same data,' the memorization-vs-pattern framing captures the same idea, and the test-set explanation is on point. Full credit."
5c833543-9796-4ced-beee-781d1dc5b3e7,6f2f0bf5-7c54-423b-aacb-0f44cd3cd84c,6071629d-df03-49a2-b4cc-ad2591f60310,27,4,2.5,"[partial] The student grasps the core conceptual point that residuals contain valuable information and can reveal variables others aren't seeing — this is the right idea expressed in plain language. However, no concrete example is provided (no soccer auction, teacher value-added, or analogous case), which the rubric requires for full credit. The answer stays at the abstract level, so it lands between partial-low and partial."
769fc678-77d8-419d-b8de-45e122a406d7,6f2f0bf5-7c54-423b-aacb-0f44cd3cd84c,e1ee87df-b151-4757-8f10-071290f018df,28,4,4,"[full] The student correctly frames both sides of the trade-off: high recall when false negatives are costly (fraud detection) and high precision when false positives are costly (hiring weak candidates wastes resources). Both examples are concrete and plausible, and the reasoning for each is sound. This meets the full-credit criteria."
e772b4c9-0611-4cb7-b5c9-608025e90aee,6f2f0bf5-7c54-423b-aacb-0f44cd3cd84c,44763eed-6502-4cd3-82dd-f8a5c538e67a,29,4,3,"[partial] The student correctly describes the mechanism: high-dimensional space causes points to be far from each other and 'similar' loses meaning. However, they did not name the concept ('curse of dimensionality'). Per the rubric, mechanism described but name missing earns partial credit at 3 points."
b77510bb-d171-4a87-9055-d55407fcdb6d,6f2f0bf5-7c54-423b-aacb-0f44cd3cd84c,667c7bd9-4b15-48b6-89fe-7ada3d7c570f,30,4,4,"[full] The student names two distinct conditions (dense interactions and cheap mistakes) and provides a clear Spotify-vs-loan contrast for each: lots of listening data vs sparse loan feedback, and a skipped song vs serious financial consequences. Both contrasts are accurate and non-overlapping, meeting the full-credit criteria."
bacb9fa8-d988-44e2-91f9-016df027ac6b,6f2f0bf5-7c54-423b-aacb-0f44cd3cd84c,b0dd4e38-0fa5-4799-bf07-df61264a48f5,31,5,2.5,"[partial] The student correctly identifies that overall performance can differ from subgroup performance (engineering), which is the core insight. However, they did not request a specific piece of additional information (like a subgroup performance breakdown) before deciding to ship, nor did they connect this to the decision-making framing. This places the answer between partial-low and partial — recognizing the subgroup difference but missing the diagnostic ask and unit-of-analysis articulation."
3bee864d-1d27-44e6-b297-159c749b30b2,6f2f0bf5-7c54-423b-aacb-0f44cd3cd84c,851e31ca-15ec-4b77-9358-e186b2031428,32,5,4,"[strong] The student correctly identifies the case-mix mechanism in plain language — asking whether the doctors get the same level of cases and explaining that B may have harder cases driving the lower rate. This captures Simpson's paradox conceptually. However, they don't explicitly articulate the consequence (that reassigning critical cases from B could remove the best critical-case doctor), which keeps this at the 'strong' tier rather than full credit."
8362fc91-c15b-4c46-8171-9a16be2314e7,6f2f0bf5-7c54-423b-aacb-0f44cd3cd84c,f8d39cba-5276-4ab6-883f-2a09616d2477,33,5,4.5,"[full] Student correctly answers 'lower than 0.5', cites the cost asymmetry ($800 vs $20), and connects the lower threshold to higher recall and lower expected cost. There's a minor wording slip ('more false negative' where they meant false positives), but the logic is clear and correct. No breakeven computation, so not quite the bonus-level full answer, but solidly meets the full-credit criteria."
a1dcc8fa-7921-473e-b4c1-bd3eda3e03c6,6f2f0bf5-7c54-423b-aacb-0f44cd3cd84c,eb99791e-8692-4dbd-b0bf-4c835a921c63,34,5,4,"[strong] The student clearly identifies the closed-loop/popularity feedback mechanism and proposes a sensible mitigation (exploration/diversification). However, they don't address why the standard metrics still look good despite the bad behavior, which is required for full credit. This matches the 'strong' tier at 4 points."
23be9a72-db92-46a7-9804-fd1cc5b42beb,705fad3d-af01-4ef5-a950-597d03a55e89,45c3ceae-f884-4741-912b-a2caf5ce30e1,21,4,2,"[partial-low] The student correctly defines unit of observation as what one row represents. However, the example only describes one unit (student) rather than showing how the same dataset could support two different units of observation (e.g., student vs. class, or attendance event vs. student). Per the rubric, a correct definition with a single-unit example earns partial-low credit."
cb5f8f6f-a6d0-48e4-9fa2-1134825e0220,705fad3d-af01-4ef5-a950-597d03a55e89,5fcb1ea2-216d-4b43-8c45-6b8afa0b851f,22,4,3,"[partial] The student correctly identifies the selection mechanism (only accepted applicants are in training data) and notes that the model will favor similar applicants, leading to increasing bias. However, the explanation of the compounding feedback loop is somewhat vague — they don't clearly articulate that rejected applicants never generate outcomes and that the data narrows progressively with each retrain. Solid grasp of the core idea but missing the explicit compounding mechanism."
b3bf01da-d618-4e41-a481-ed3d3ffdca7f,705fad3d-af01-4ef5-a950-597d03a55e89,0cbd4c8c-8016-424c-8c37-945da6aacec8,23,4,3,"[partial] The student captures the core 'same data, different angles, different answer' insight which is the heart of the lesson. However, they don't explicitly articulate that the 'angle' is what's in the model / what you condition on, nor do they unify the three as facets of one operation (conditioning). It's a solid plain-language version of the insight but missing the specificity about model specification, so partial credit at 3 is appropriate."
39bf9495-7821-44cd-aa4f-dd4e3f490d87,705fad3d-af01-4ef5-a950-597d03a55e89,8e8f837b-b9d4-41ff-9c87-d39a139d8541,24,4,2.5,"[partial] The student correctly identifies that promotion is connected to training-attendance (the mediator) and hints that genders differ in attendance, which gestures toward the upstream location of the issue. However, they don't explicitly state what this means for the gender bias diagnosis — that the promotion decision itself isn't where the bias lives, and that the remedy shifts upstream. This is between the partial-low (2) and partial (3) tiers, so I'm awarding 2.5."
f333ed92-fbb5-4d38-b32a-7cc69a307dd9,705fad3d-af01-4ef5-a950-597d03a55e89,59aea710-0446-4698-9f69-e90e69d11a15,25,4,3,"[partial] The student correctly identifies bias as a specification problem and offers a valid fix (rebuild/re-specify the model). They also offer a fix for variance (more training data). However, the variance definition is shaky — 'the model is right' doesn't capture sample-sensitivity or overfitting. Both fixes are present and the bias definition is solid, but the variance definition is weak, fitting the 'partial' tier."
3a18ee82-217b-4851-aea8-c88f516160f3,705fad3d-af01-4ef5-a950-597d03a55e89,bf20a1f1-55e5-4d0b-837a-b95220c19b35,26,4,3.5,"[full] The student clearly distinguishes memorization from learning the underlying pattern and ties this directly to the purpose of the train/test split: the test set reveals whether the model generalizes or just memorized. They don't explicitly articulate the 'multiple rules can fit the same data' framing, but the memorization-vs-generalization contrast captures the same idea in plain language. Slight deduction for not fully spelling out why training fit is ambiguous, but the core understanding is solid."
01e8f876-73c8-4804-a593-69f414f053d1,705fad3d-af01-4ef5-a950-597d03a55e89,6071629d-df03-49a2-b4cc-ad2591f60310,27,4,3.5,"[full] The student identifies that residuals carry information worth analyzing (not just error to minimize) and provides the exact soccer/football celebrity-appeal example showing residuals can measure something unmeasurable. The conceptual framing is slightly muddled ('decrease the bias' is off-target language), but the core insight and concrete example are both present, so this earns near-full credit."
367cfaca-ff6d-4af2-970c-5c3a6341c837,705fad3d-af01-4ef5-a950-597d03a55e89,e1ee87df-b151-4757-8f10-071290f018df,28,4,2.5,"[partial] The student correctly frames high recall (cost of missing > cost of false alarm) and gives a solid COVID testing example. However, the second example is muddled: they describe wanting to 'recall more losing customers' but label it high precision, which confuses the concepts—the example actually sounds like a recall scenario, and there's no clear example of when false positives are costly. Framing of recall side is correct with good example; precision side framing and example are unclear."
fe794ffb-f7d2-4a58-a7fa-0b8d3e74885f,705fad3d-af01-4ef5-a950-597d03a55e89,44763eed-6502-4cd3-82dd-f8a5c538e67a,29,4,2,"[partial-low] The student correctly describes the mechanism in plain language: as features grow, each observation becomes more unique and similarity breaks down. However, they do not name the concept (curse of dimensionality), and the mechanism description is somewhat brief without the distance-flattening intuition fully fleshed out. This fits the partial-low tier — mechanism present but name missing."
0397b16e-55c0-4ae7-bddb-17d8f078bd24,705fad3d-af01-4ef5-a950-597d03a55e89,667c7bd9-4b15-48b6-89fe-7ada3d7c570f,30,4,0,"[none] The student does not name any of the four conditions (latent taste, dense interactions, vast catalog, cheap mistakes). The answer about 'past data causing bias' for loans confuses recommender conditions with general bias/fairness concerns, and the comment about Spotify changing user actions doesn't map to a specific condition. No Spotify-vs-loan contrast tied to the four conditions is established."
0094580f-687d-4740-9105-8d2bf3d70d98,705fad3d-af01-4ef5-a950-597d03a55e89,b0dd4e38-0fa5-4799-bf07-df61264a48f5,31,5,4,"[strong] The student correctly identifies the aggregate-vs-subgroup mismatch (invoking Simpson's paradox and explaining that overall accuracy is driven by non-engineering jobs while engineering performs poorly) and requests the right diagnostic: per-job-type accuracy breakdown. However, they don't explicitly connect this to the shipping decision (i.e., that the action is taken at the subgroup level so the metric should match), which keeps it at the strong tier rather than full."
01ce2591-cd50-4a3a-9420-9c5491851dd9,705fad3d-af01-4ef5-a950-597d03a55e89,851e31ca-15ec-4b77-9358-e186b2031428,32,5,4.5,"[full] The student names Simpson's paradox explicitly, asks the right diagnostic question (survival rates for critical cases by doctor, i.e., breaking down by severity), and explains the mechanism clearly (A may handle easier cases). They don't quite articulate the consequence — that reassigning could remove the best critical-case doctor — so I'm giving 4.5 between strong and full."
ff35aed9-734d-488c-9ed9-18e57d4fc901,705fad3d-af01-4ef5-a950-597d03a55e89,f8d39cba-5276-4ab6-883f-2a09616d2477,33,5,5,"[full] The student correctly answers 'lower than 0.5,' identifies the cost asymmetry ($800 vs $20), and connects the lower threshold to catching more fraud and reducing costs. This satisfies all three full-credit criteria: correct direction, cost asymmetry explanation, and threshold-to-action reasoning."
a2968395-4d01-4251-b8b7-314836a86075,705fad3d-af01-4ef5-a950-597d03a55e89,eb99791e-8692-4dbd-b0bf-4c835a921c63,34,5,4,"[strong] The student clearly articulates the closed-loop mechanism ('shown songs get more clicks → rank higher → shown more') and provides a valid mitigation (monitor coverage, not just precision). However, they don't explicitly explain why standard metrics still look good — that piece of the rubric is missing. This matches the 'strong' tier at 4 points."
918b8bcd-1ee2-4af6-9cde-da5becda020c,71609005-8b54-4b35-81ec-363172dd181f,45c3ceae-f884-4741-912b-a2caf5ce30e1,21,4,3,"[partial] The definition is correct ('what one row represents'). The student gestures at two possible units (person vs job) but doesn't clearly tie this to the same dataset supporting both views — the elaboration drifts into who uses the data (CEO vs recruiter) rather than showing how one dataset could be aggregated to different units. Strong on definition, weaker on the concrete two-units example, so partial credit at 3 is appropriate."
d2f32958-e842-4dd5-978a-6c13a3428c0f,71609005-8b54-4b35-81ec-363172dd181f,5fcb1ea2-216d-4b43-8c45-6b8afa0b851f,22,4,2,"[partial-low] The student correctly names selection bias and identifies the mechanism (only approved loans are in training data), which earns credit for the feedback loop concept. However, they don't explain the compounding consequence—how the training data narrows over time and bias worsens with each retrain. The addition of model drift is irrelevant and slightly muddies the answer, since drift is a different phenomenon flagged in common wrong answers."
68312c45-09e7-4612-bf8f-0fc1d5a09742,71609005-8b54-4b35-81ec-363172dd181f,0cbd4c8c-8016-424c-8c37-945da6aacec8,23,4,3.5,"[full] The student captures the core insight: the relationship/coefficient depends on how you cut the data, what you control for, and what level you analyze at — and explicitly states a coefficient has no fixed meaning by itself. This unifies the three phenomena as facets of the same operation (conditioning/aggregating). The phrasing is rough and could be clearer about explicitly tying all three together, but the underlying lesson is clearly understood, warranting near-full credit."
cbe3a626-209e-4023-9cb5-b9b2b25f2e9a,71609005-8b54-4b35-81ec-363172dd181f,8e8f837b-b9d4-41ff-9c87-d39a139d8541,24,4,1.5,"[minimal] The student correctly recognizes that adding training-attendance changes the gender coefficient and that attendance explains part of the outcome. However, they conclude flatly that 'there is not gender bias in promotions,' which is one of the flagged wrong answers — the bias may simply have shifted upstream to attendance access. They miss the diagnostic shift entirely, so this lands between 'minimal' and 'none.'"
1d720618-95ce-4e23-86ee-a87e3c4a2421,71609005-8b54-4b35-81ec-363172dd181f,59aea710-0446-4698-9f69-e90e69d11a15,25,4,2.5,"[partial-low] Both definitions are correct: bias as systematic model wrongness and variance as learning noise/overfitting. However, the student provides no explicit fixes for either — they note that 'more data won't fix bias' but never propose what does fix it (re-specify, add variables) and don't propose a remedy for variance (regularization, simpler model). Per the rubric, missing both fixes drops this below the 'one fix given' partial tier, but the strong definitions warrant more than minimal credit."
103edaab-846b-4f9c-8c1a-d0c3167f82df,71609005-8b54-4b35-81ec-363172dd181f,bf20a1f1-55e5-4d0b-837a-b95220c19b35,26,4,3,"[partial] The student identifies overfitting (learning noise as patterns) and connects it to the need to evaluate on test data, which ties the concept to the train/test split. However, they don't clearly articulate the 'multiple rules can fit the same training data' idea — that memorization is indistinguishable from genuine learning based on training accuracy alone. The data leakage point is tangential but not wrong. This fits the 'partial' tier: overfitting is mentioned and tied to train/test, but the deeper why is missing."
54fe60d5-b833-4197-9a14-408391c36630,71609005-8b54-4b35-81ec-363172dd181f,6071629d-df03-49a2-b4cc-ad2591f60310,27,4,4,"[full] The student correctly defines residuals, articulates the conceptual point that residuals reveal what input variables don't capture ('makes you aware of what you not see'), and provides the soccer-auction-style example identifying fame/market value as the unmeasured construct in the residual. This matches the full-credit rubric: residuals as the variable of interest plus a concrete example of constructing an unmeasurable from observed patterns."
9cfeeef8-d8b1-4cde-8c82-c81b00130182,71609005-8b54-4b35-81ec-363172dd181f,e1ee87df-b151-4757-8f10-071290f018df,28,4,4,[full] The student correctly frames high recall as preferred when missing a true case is costly (fraud detection example is plausible) and high precision as preferred when false positives are costly/disruptive (marketing spam example works — annoying customers with irrelevant pitches damages trust). Both sides have clear framing and a concrete example. Minor wording slip ('true positive is expensive' should be 'false negative') but the fraud example shows they understand the concept.
cbd793a6-856b-4842-af2b-7b1ae6bec864,71609005-8b54-4b35-81ec-363172dd181f,44763eed-6502-4cd3-82dd-f8a5c538e67a,29,4,3.5,"[full] The student correctly identifies the mechanism (every customer becomes unique, similarity loses meaning) and names it as a 'dimensionality problem' while also citing PCA/embeddings as remedies. The naming is slightly imprecise ('dimensionality problem' rather than 'curse of dimensionality') and the distance-flattening intuition is implied rather than explicit, so I'm shading slightly below full credit, but the core understanding is clearly there."
62d3c91a-91dc-4e2a-a387-9064be869d21,71609005-8b54-4b35-81ec-363172dd181f,667c7bd9-4b15-48b6-89fe-7ada3d7c570f,30,4,2.5,"[partial] The student lists all four conditions for Spotify and contrasts mistakes (cheap skip vs costly loan default), which is one well-justified condition. However, the other three conditions (dense interactions, latent tastes, vast catalog) are named but not explicitly contrasted with the loan context. This sits between partial-low (one justified contrast) and partial (two named, one justified), so I'm awarding 2.5 points."
44ac2b61-5fca-448d-8267-4265e3ef8a7d,71609005-8b54-4b35-81ec-363172dd181f,b0dd4e38-0fa5-4799-bf07-df61264a48f5,31,5,5,"[full] The student clearly names the aggregate-vs-subgroup mismatch ('overall platform accuracy is an aggregate number while the recruiter is seeing only a subgroup'), requests a specific subgroup breakdown (by job type, especially engineering), and connects it to the shipping decision by noting that aggregates can hide poor performance for an important subgroup. All three rubric elements for full credit are present."
f9d93076-f965-4576-ad4a-ba855ec3df47,71609005-8b54-4b35-81ec-363172dd181f,851e31ca-15ec-4b77-9358-e186b2031428,32,5,4.5,"[full] The student correctly names Simpson's paradox, asks the right diagnostic question (whether B treats more severe/critical cases), and explains the mechanism (B may look worse only because of harder cases). They don't explicitly state the consequence of reassignment (losing the best critical-case doctor), so I'm awarding just shy of full credit, but the core analytical moves are all present."
c533d32d-06bb-459c-ad2a-f2a90f321b1f,71609005-8b54-4b35-81ec-363172dd181f,f8d39cba-5276-4ab6-883f-2a09616d2477,33,5,5,"[full] The student correctly identifies that the threshold should be lowered, explains the cost asymmetry ($800 vs $20), and connects the threshold to the action of flagging more cases. The reasoning clearly ties the trade-off to the cost structure, meeting the criteria for full credit."
374013f9-3562-4c39-a5d4-fadf57710f55,71609005-8b54-4b35-81ec-363172dd181f,eb99791e-8692-4dbd-b0bf-4c835a921c63,34,5,4,"[strong] The student clearly identifies the popularity/feedback loop mechanism and proposes a reasonable mitigation (random exploration, plus RLHF). However, they don't explain why the standard metrics still look good — the blindspot about the long tail isn't articulated. Per the rubric, naming the mechanism and a mitigation without the metric explanation is a 'strong' / 4-point answer."
5b985a5e-a890-4aac-8071-bd05b4e281f3,7eb17cb7-d67e-48fc-aebc-cfaed9301aba,45c3ceae-f884-4741-912b-a2caf5ce30e1,21,4,2,"[partial-low] The definition ('one row in the dataset') is correct and concise. However, the example doesn't clearly demonstrate two different units of observation derivable from the same dataset — it gestures at different 'business views' (platform-level vs recruiter-level) but doesn't explicitly name two units like event vs candidate vs job. The example is vague rather than concretely identifying two distinct row-level interpretations."
531f1cd8-0656-4e92-91f6-d6d142e647f7,7eb17cb7-d67e-48fc-aebc-cfaed9301aba,5fcb1ea2-216d-4b43-8c45-6b8afa0b851f,22,4,3,"[partial] The student correctly identifies the feedback loop mechanism: the model trains only on approved applicants and never sees outcomes for rejected ones, leading to predictions on an unknown population. However, they don't explicitly explain the compounding/progressive nature of the bias over successive retrains — that the training data narrows further each cycle. This matches the 'partial' tier: names the feedback loop but is light on the compounding consequence."
d199459c-8f1d-4362-99e9-002f8024ab37,7eb17cb7-d67e-48fc-aebc-cfaed9301aba,0cbd4c8c-8016-424c-8c37-945da6aacec8,23,4,1.5,"[minimal] The student defines what a confounder is and vaguely gestures at aggregation/subgroups, but doesn't articulate the underlying lesson that conclusions depend on what's in the model. They don't unify the three phenomena as facets of one operation, and the closing sentence ('consider the confounder in different business cases') is too generic. This is more than just defining one phenomenon but falls short of capturing the 'depends on specification' insight."
070e409a-3f11-4215-a8b3-0e3ed445abb1,7eb17cb7-d67e-48fc-aebc-cfaed9301aba,8e8f837b-b9d4-41ff-9c87-d39a139d8541,24,4,3,"[partial] The student correctly identifies training attendance as the confounder/mediator and notes that within the same attendance level, promotion rates are equal — this captures the mediation insight. However, they don't clearly articulate the diagnostic shift: that the bias (if any) lives upstream in what drives attendance differences, not at the promotion decision itself. The final sentence gestures toward attendance differences but doesn't reframe the remedy, so this falls short of full credit."
efe9d121-7863-4383-8f41-4f1a808d0e53,7eb17cb7-d67e-48fc-aebc-cfaed9301aba,59aea710-0446-4698-9f69-e90e69d11a15,25,4,4,"[full] The student correctly defines bias as a wrong model specification (fix: add the right variable) and variance as overfitting (fix: simpler model or more data). They also explicitly note that the fixes are not interchangeable and illustrate with the car/coefficient-flip example, which shows genuine understanding. This meets all criteria for full credit."
569ea143-b58a-4331-afa1-29bed396a091,7eb17cb7-d67e-48fc-aebc-cfaed9301aba,bf20a1f1-55e5-4d0b-837a-b95220c19b35,26,4,2,"[partial-low] The student identifies overfitting and notes the model may not handle unseen test data, which gestures at the generalization issue. However, they don't articulate why training accuracy is insufficient (multiple rules can fit the same data / memorization vs learning), and the closing remark about the 'percentage of train/test split' drifts toward the sample-size misconception. This fits the partial-low tier: overfitting mentioned but not clearly tied to what the split actually tests for."
1f2d8e54-9d87-4ddd-954c-f0494b2fd0c1,7eb17cb7-d67e-48fc-aebc-cfaed9301aba,6071629d-df03-49a2-b4cc-ad2591f60310,27,4,4,"[full] The student defines residuals correctly and provides the soccer auction example, explicitly identifying celebrity appeal as the residual — an unmeasurable construct revealed by subtracting away the explainable part. While the conceptual framing ('why residuals matter') is implicit rather than stated outright, the example clearly demonstrates the 'construct an unmeasurable from observed patterns' idea, which earns full credit per the rubric."
9baedcb2-53bc-4b8e-a88f-a6491773dfa5,7eb17cb7-d67e-48fc-aebc-cfaed9301aba,e1ee87df-b151-4757-8f10-071290f018df,28,4,0.5,"[none] The answer is confused and appears to reverse the trade-off. The student says 'cost of a false positive is higher than the cost of a false negative' but then says to 'lower the threshold to decrease the cost of false positives' — lowering the threshold actually increases false positives. There's no clear framing of when recall vs precision matters, no two contrasting examples, and the COVID example is muddled rather than clearly tied to either side. Minimal credit for attempting to invoke the cost-of-error framing."
d47ffdf2-969d-43e2-ab87-74fbf0ca2ba1,7eb17cb7-d67e-48fc-aebc-cfaed9301aba,44763eed-6502-4cd3-82dd-f8a5c538e67a,29,4,4,"[full] The student names the concept ('dimensional curse' = curse of dimensionality) and describes the mechanism: in high dimensions points become far/equidistant from each other and 'similar' loses meaning. Both the name and the distance-flattening intuition are present, meeting the full credit criteria."
d63f6339-ca3a-4a64-9985-41af5c94c3c0,7eb17cb7-d67e-48fc-aebc-cfaed9301aba,667c7bd9-4b15-48b6-89fe-7ada3d7c570f,30,4,1,"[minimal] The student names two valid conditions (latent taste and cheap mistakes / cost of mistakes) but provides no explanation of why Spotify satisfies them while loan approval does not. Per the rubric, naming two conditions without justifying the contrast earns the minimal tier (1 point)."
cde6f7b2-28e3-4cb4-9d3d-2b98df397224,7eb17cb7-d67e-48fc-aebc-cfaed9301aba,b0dd4e38-0fa5-4799-bf07-df61264a48f5,31,5,4,"[strong] The student correctly identifies the unit-of-observation mismatch ('different unit of observation,' platform vs. recruiter perspective) and requests subgroup breakdown by job category (engineering vs. business). However, the connection to the shipping decision is left implicit — they note jobs need different treatment but don't explicitly tie this to 'the metric should match the level at which the action is taken.' This fits the 'strong' tier."
1e56944e-9662-41da-824d-6da5111c4c71,7eb17cb7-d67e-48fc-aebc-cfaed9301aba,851e31ca-15ec-4b77-9358-e186b2031428,32,5,3.5,"[partial] The student correctly identifies that case mix matters — using 'department' (e.g., emergency) as a proxy for case severity captures the core diagnostic instinct. However, they don't explicitly name Simpson's paradox or articulate that the aggregate could reverse once conditioned on severity, nor do they state the consequence (reassigning could remove the best critical-case doctor). This sits above 'partial' (3) because the ER framing shows real understanding of the case-mix mechanism, but below 'strong' (4) because the mechanism and consequence aren't fully spelled out."
c111192c-95f2-40ff-bbee-1a13664c2bb1,7eb17cb7-d67e-48fc-aebc-cfaed9301aba,f8d39cba-5276-4ab6-883f-2a09616d2477,33,5,0,"[none] The student reverses the direction, recommending a higher threshold to avoid false negatives. In fact, raising the threshold reduces flagged cases and lets MORE fraud through, increasing false negatives. While they correctly identified the cost asymmetry, the final recommendation is backwards, which per the rubric zeros out the answer."
56261671-5bfc-48b4-bcf3-2ebe67ec70bf,7eb17cb7-d67e-48fc-aebc-cfaed9301aba,eb99791e-8692-4dbd-b0bf-4c835a921c63,34,5,2.5,"[partial] The student gestures at a feedback effect ('the things the model learns will be fewer and fewer') and proposes a reasonable mitigation (expand scope beyond user history, akin to exploration/diversity injection). However, they don't clearly articulate the closed-loop mechanism where popular items get reinforced through surfacing, and they don't address why standard metrics still look good. This sits between partial-low and partial — vague feedback description with a mitigation present."
e3f4c21f-a57e-4a5f-a6e3-a690e11c4b31,9eb00a30-32f8-404a-b7ac-49d8bcf2b283,45c3ceae-f884-4741-912b-a2caf5ce30e1,21,4,1,"[minimal] The definition ('measure degree based on what you want to measure') is vague and doesn't clearly convey that a unit of observation is what one row represents. The example given is actually a Simpson's paradox / confounding example (Berkeley-style), not an example of the same dataset supporting two different units of observation. The student doesn't identify two distinct units (e.g., application-level vs. candidate-level), so the example misses the concept."
f9edb7e8-1658-4201-a565-93395a737c4a,9eb00a30-32f8-404a-b7ac-49d8bcf2b283,5fcb1ea2-216d-4b43-8c45-6b8afa0b851f,22,4,3.5,[full] The student correctly identifies the selection mechanism (rejected applicants have no observable outcomes and are dropped from training) and notes the consequence that training data narrows toward applicants the system already approves. The compounding/progressive nature is implied ('narrowed toward... already catched') but not strongly emphasized. Strong answer in plain language; minor deduction for not making the compounding-over-time aspect more explicit.
b057bed4-12df-4aa6-bdd4-b643443583ff,9eb00a30-32f8-404a-b7ac-49d8bcf2b283,0cbd4c8c-8016-424c-8c37-945da6aacec8,23,4,4,"[full] The student identifies the unifying insight — that all three phenomena depend on the 'conditioning level' or what's included in the model — and explicitly connects all three (Simpson's, sign-flip, confounding) as instances of the same underlying operation. They give concrete examples (gender/promotion, car-age/price) showing genuine understanding. The closing line about choosing the proper conditional level captures the 'conditional on specification' nature of the lesson."
ae2b367b-6bff-40d5-9bcc-0771f76bbc91,9eb00a30-32f8-404a-b7ac-49d8bcf2b283,8e8f837b-b9d4-41ff-9c87-d39a139d8541,24,4,3,"[partial] The student correctly identifies that the gender gap disappears once training-attendance is accounted for, and recognizes that the lower promotion rate relates to attendance/performance rather than gender directly. However, they don't complete the diagnostic shift — they don't note that bias may have moved upstream to whatever drives the attendance gap, instead leaning toward 'it's about performance.' This matches the 'partial' tier: correct mediation insight but missing the remedy/diagnosis-shift piece."
3e6dff3c-cd6c-4b12-ab0f-a033f42ce306,9eb00a30-32f8-404a-b7ac-49d8bcf2b283,59aea710-0446-4698-9f69-e90e69d11a15,25,4,0.5,"[none] The student reverses/confuses the definitions: they say 'bias comes from data' and 'variance is due to the system level problem,' which is backwards from the correct framing (bias = specification/systematic error; variance = sample sensitivity). They also suggest adding more data could fix bias, which is the explicitly flagged wrong answer. No correct fix for variance is given. Per the rubric, reversing definitions and proposing 'more data' for bias falls into the 'none' tier, though I award a small amount for at least naming both concepts."
9e4b5c1d-2143-4684-be82-945af5021e1a,9eb00a30-32f8-404a-b7ac-49d8bcf2b283,bf20a1f1-55e5-4d0b-837a-b95220c19b35,26,4,2.5,"[partial] The student does articulate the multiple-rules-fit-the-same-data idea well with their 1,3,5→3 example (middle vs. sum), which is exactly the right concept. However, they don't connect this to the train/test split — instead they conclude we need 'more data samples,' which drifts toward the common wrong answer about sample size rather than held-out evaluation. Strong on the 'why training fit isn't enough' piece, weak on tying it to the purpose of the test set."
74c520ee-27b5-4690-bad6-ed75c67d3dd1,9eb00a30-32f8-404a-b7ac-49d8bcf2b283,6071629d-df03-49a2-b4cc-ad2591f60310,27,4,4,[full] The student correctly identifies that residuals are not just noise but can carry meaningful new information (conceptual point). They provide the soccer auction example and clearly articulate that the residual captures the 'glamour' (celebrity appeal) component not measurable from performance stats alone. This demonstrates the 'construct an unmeasurable from observed patterns' insight the rubric rewards.
afcd4a89-4920-491f-9af8-f6199eca5f48,9eb00a30-32f8-404a-b7ac-49d8bcf2b283,e1ee87df-b151-4757-8f10-071290f018df,28,4,4,"[full] The student correctly frames recall as catching as many positives as possible (important when misses are costly, e.g., a pandemic) and precision as ensuring flagged cases are truly positive (important when false positives are costly, e.g., athlete selection). Both sides have plausible concrete examples and the trade-off direction is correct. Definitions are in plain language but show clear understanding."
b34b0d94-43c7-4867-bf4f-45d959f0b33c,9eb00a30-32f8-404a-b7ac-49d8bcf2b283,44763eed-6502-4cd3-82dd-f8a5c538e67a,29,4,1.5,"[minimal] The student calls it 'overfitting/high variance' rather than the curse of dimensionality, so the name is wrong. They do gesture at the right intuition — that with many features no two customers look alike and similar customers may not exist — which is partially the distance-flattening mechanism, but it's framed as a model-fitting problem rather than a similarity/distance problem. I'm awarding 1.5: above pure 'too many features' but short of a clean mechanism description."
1200a844-1093-4fb7-ac32-81597be9dc16,9eb00a30-32f8-404a-b7ac-49d8bcf2b283,667c7bd9-4b15-48b6-89fe-7ada3d7c570f,30,4,4,"[full] The student names two distinct conditions (cheap mistakes and vast catalog) and provides clear Spotify-vs-loan contrasts for each. The skip-vs-compensation contrast captures the cost asymmetry, and the 'countable loans vs huge song library' contrast captures catalog size. Both justifications are sound and non-overlapping, meeting the full-credit rubric."
f6b28b06-79d5-4b92-9a92-41074bd1d5fb,9eb00a30-32f8-404a-b7ac-49d8bcf2b283,b0dd4e38-0fa5-4799-bf07-df61264a48f5,31,5,3,"[partial] The student recognizes both can be true and suggests looking at department-level data, which is on the right track. However, they frame the difference primarily as sample size / chance vs. systematic bias rather than naming the unit-of-analysis mismatch (platform aggregate vs. subgroup). The diagnostic suggestion (department-level breakdown) is correct but the connection to the shipping decision is not made explicit, so this lands at partial rather than strong."
04e70b0a-272f-4989-8d32-958e54472462,9eb00a30-32f8-404a-b7ac-49d8bcf2b283,851e31ca-15ec-4b77-9358-e186b2031428,32,5,4,"[strong] The student correctly identifies the case-mix issue in plain language — asking whether the doctors are treating the same kinds of illnesses, and noting that B may have inherently more fatal cases, which would make the aggregate misleading. They also articulate the consequence (B shouldn't be removed if treating harder cases). However, they don't explicitly name Simpson's paradox or fully articulate that the aggregate can reverse once you condition on severity, and the second half about 'both being terrible doctors' drifts from the central insight. This matches the 'strong' tier."
1e17a39a-fb73-4fa6-bce9-cded577942b2,9eb00a30-32f8-404a-b7ac-49d8bcf2b283,f8d39cba-5276-4ab6-883f-2a09616d2477,33,5,5,"[full] Student correctly answers 'lower than 0.5', explains the 40x cost asymmetry between FN and FP, and clearly ties the threshold movement to the action (lower cutoff = more flags, accepting more FPs because they're cheaper). All three rubric components for full credit are present."
0b68790e-146f-40d2-8a58-c8540936a969,9eb00a30-32f8-404a-b7ac-49d8bcf2b283,eb99791e-8692-4dbd-b0bf-4c835a921c63,34,5,3,"[partial] The student describes a feedback effect ('most popular songs will be recommended even more') and proposes a reasonable mitigation (forcing the system to recommend unusual/newer songs, which is essentially diversity injection/exploration). However, they don't clearly articulate the closed-loop mechanism (why it happens — the model only sees what it surfaces) and don't address why standard metrics still look good. This fits the 'partial' tier: vague feedback description with a mitigation but missing the deeper mechanism and metric-blindspot insight."
f0cf8ab0-3155-4f28-bd9b-8db4b8157fd4,ab61c3c8-f25c-4861-b319-7f8936e9d324,45c3ceae-f884-4741-912b-a2caf5ce30e1,21,4,2,"[partial-low] The definition is correct — the student clearly states a unit of observation is what each row represents. However, the example is weak: it describes a single dataset's contents but doesn't actually identify two different units of observation that could be derived from it (e.g., rating-level vs. user-level vs. movie-level). Per the rubric, correct definition with a vague example that only implies one unit fits the partial-low tier."
9590a646-ed93-4e3a-9390-785f7e5b28c5,ab61c3c8-f25c-4861-b319-7f8936e9d324,5fcb1ea2-216d-4b43-8c45-6b8afa0b851f,22,4,2,"[partial-low] The student identifies that only previously-approved applicants are used for training, which gestures at the selection mechanism. However, they don't clearly explain the compounding feedback loop — that rejected applicants generate no outcomes, the training data narrows over time, and the model becomes blinder to applicants outside its existing preferences. The phrase 'progressively biased over and over time' restates the question rather than explaining why, so this fits the partial-low tier."
8ec87992-222c-45d4-91b1-b82f80f3ffd6,ab61c3c8-f25c-4861-b319-7f8936e9d324,0cbd4c8c-8016-424c-8c37-945da6aacec8,23,4,1,"[minimal] The student vaguely gestures at 'controlling other things constant' and mentions sign-flip, but does not articulate the unifying lesson that conclusions depend on what's in the model/what level of analysis is used. Simpson's paradox isn't addressed, and the three phenomena aren't tied together as facets of one operation. This fits the 'minimal' tier — treats them as separate ideas without the unifying insight."
e1d10ab0-d4f8-437d-8556-9e3f3be1009b,ab61c3c8-f25c-4861-b319-7f8936e9d324,8e8f837b-b9d4-41ff-9c87-d39a139d8541,24,4,0,"[none] The student's answer is vague and essentially concludes that gender plays a role in promotions, which is the opposite of what the data suggests once attendance is controlled. They don't engage with the fact that the gender coefficient vanishes when training attendance is added, nor do they discuss the shift in diagnosis. This matches the 'none' tier — concluding bias is present without recognizing the location has shifted."
44602293-1923-49cd-ad33-860dab1d39ae,ab61c3c8-f25c-4861-b319-7f8936e9d324,59aea710-0446-4698-9f69-e90e69d11a15,25,4,4,"[full] The student correctly distinguishes bias (coefficient/estimate changes when model specification changes — i.e., specification sensitivity) from variance (predictions change when data changes — i.e., sample sensitivity). They provide a correct fix for each: choosing the right variables for bias, and more data for variance. This hits all three required elements of the full-credit tier."
e7e6e9b8-40e3-4c0b-ad4b-936f6eb526d4,ab61c3c8-f25c-4861-b319-7f8936e9d324,bf20a1f1-55e5-4d0b-837a-b95220c19b35,26,4,2,"[partial-low] The student correctly notes that training fit doesn't guarantee test fit and connects this to the train/test split, but doesn't articulate WHY (the multiple-rules-fit-same-data / memorization vs generalization idea). The explanation of randomization 'reducing inaccuracy' is muddled and doesn't capture that the test set's purpose is to expose whether learned rules generalize. This fits the partial-low tier: on track but missing the key reasoning."
eae81ebe-1f58-4c00-ba29-9df309adbb5e,ab61c3c8-f25c-4861-b319-7f8936e9d324,6071629d-df03-49a2-b4cc-ad2591f60310,27,4,1,"[minimal] The student vaguely says residuals 'tell you what you not see in that model,' which gestures toward the idea of unexplained variation but doesn't articulate that residuals can be the variable of interest. The first part about coefficients changing/sign-flips is off-topic and doesn't address why residuals carry signal. No concrete example is provided. This puts it at the minimal tier."
8dea0f23-900c-4010-bf2b-b07078005a01,ab61c3c8-f25c-4861-b319-7f8936e9d324,e1ee87df-b151-4757-8f10-071290f018df,28,4,1,"[minimal] The student gestures at the idea that recall is about not missing elements and precision is about correctness, but the framing is vague and doesn't clearly connect to cost-of-miss vs cost-of-false-alarm. No concrete business examples are provided for either side. This fits the 'minimal' tier: defines the concepts loosely but doesn't connect them to when each matters in practice."
8a99f390-48da-45b1-b790-91499f50dc24,ab61c3c8-f25c-4861-b319-7f8936e9d324,44763eed-6502-4cd3-82dd-f8a5c538e67a,29,4,2,"[partial-low] The student names 'dimensionality' (close to curse of dimensionality) but the mechanism is shaky — they describe it as 'more constraints' and that results 'might change,' rather than the key intuition that distances flatten and every observation becomes unique. The naming is partial credit and the mechanism explanation misses the core distance-flattening idea, placing this between minimal and partial."
a5de6f5e-fb5f-4692-a7e8-e49f0245fdb0,ab61c3c8-f25c-4861-b319-7f8936e9d324,667c7bd9-4b15-48b6-89fe-7ada3d7c570f,30,4,0.5,"[none] The student does not clearly name any of the four conditions (latent taste, dense interactions, vast catalog, cheap mistakes). The answer mentions Spotify learning from listening history, which gestures vaguely toward dense interactions but isn't framed as a contrast with loans. The 'stability vs macroeconomic risk' point is closer to the 'regulated/risky' wrong answer flagged in the rubric and doesn't map to a recommender condition. Minimal credit for the implicit history/interaction idea."
2390e5b9-7544-4d4b-bb18-7f499c5a60f7,ab61c3c8-f25c-4861-b319-7f8936e9d324,b0dd4e38-0fa5-4799-bf07-df61264a48f5,31,5,2,"[partial-low] The student gestures at the idea that overall accuracy differs from a more specific case, but misframes the subgroup as a single candidate rather than the engineering-jobs subgroup. They don't name the unit-of-analysis mismatch and their requested information (accuracy for 'this specific candidate') isn't the right diagnostic — it should be performance broken down by job category or recruiter. There's partial recognition that aggregate and specific views can differ, which earns some credit."
b7bf63b3-bb3c-471a-b417-b169ef9f86e4,ab61c3c8-f25c-4861-b319-7f8936e9d324,851e31ca-15ec-4b77-9358-e186b2031428,32,5,3.5,"[partial] The student correctly asks the diagnostic question about case difficulty/severity and surgery type, which is the core case-mix insight. However, they don't explicitly articulate Simpson's paradox or the mechanism by which the aggregate can reverse, and they don't clearly state the risk of reassigning the best critical-case doctor away. The mention of 'professional level for different treatments' gestures toward the right idea but doesn't fully land the consequence, placing this between partial (3) and strong (4)."
8e7cb7f2-0962-44e5-8711-18832e9e7f7b,ab61c3c8-f25c-4861-b319-7f8936e9d324,f8d39cba-5276-4ab6-883f-2a09616d2477,33,5,3,"[partial] The student correctly answers 'lower than 0.5' and gestures at the cost impact, but doesn't clearly explain the cost asymmetry (the 40x difference between FN and FP). The reasoning about 'being more accurate' is vague and doesn't tie the threshold directly to the cost trade-off. This fits the 'partial' tier: correct direction without clear explanation of why."
0c00405a-a40e-4d69-ac8d-1f8384c01127,ab61c3c8-f25c-4861-b319-7f8936e9d324,eb99791e-8692-4dbd-b0bf-4c835a921c63,34,5,2.5,"[partial] The student names the closed-loop / popularity-loop mechanism and mentions niche starvation, showing recognition of the right concept. However, there's no explanation of why metrics still look good, and the mitigation ('making the fairness for the analysis') is too vague to count as a concrete remedy like coverage monitoring or exploration slots. This sits between partial-low and partial — credit for naming the mechanism but the mitigation is weak."
463e99c8-4f11-452b-b101-dc6ab242077b,bc676cdc-3ad8-4a8d-99ec-34f602544446,45c3ceae-f884-4741-912b-a2caf5ce30e1,21,4,4,"[full] The student clearly defines unit of observation as what one row represents, and provides a concrete example of two different units (applications vs. candidates) from the same hiring dataset, noting how the analytical question changes. This meets both criteria for full credit."
e962c086-1fcd-4b81-a9c3-2da535cb767d,bc676cdc-3ad8-4a8d-99ec-34f602544446,5fcb1ea2-216d-4b43-8c45-6b8afa0b851f,22,4,2,"[partial-low] The student correctly identifies the selection mechanism — that the bank only has data from approved applicants and not from rejected ones. However, they do not explain the compounding consequence over time (how the training data narrows further with each retrain, making bias progressively worse). This matches the partial-low tier: names the mechanism but misses the feedback/compounding piece."
5febf228-06a3-4df1-9e8a-8f677ec45d9d,bc676cdc-3ad8-4a8d-99ec-34f602544446,0cbd4c8c-8016-424c-8c37-945da6aacec8,23,4,4,"[full] The student clearly captures the core insight that conclusions depend on the level of analysis and which variables are included. They unify the phenomena by noting the same data tells different stories when aggregated, disaggregated, or with added variables — which maps onto Simpson's, sign-flip, and controlling for a confounder. This matches the 'full' rubric tier with plain-language equivalents."
7be77bba-9832-42aa-9af3-e02f75425911,bc676cdc-3ad8-4a8d-99ec-34f602544446,8e8f837b-b9d4-41ff-9c87-d39a139d8541,24,4,1.5,"[minimal] The student gestures at the right idea — that controlling for another factor (like department/training) changes what we see, similar to a Simpson's-paradox-style explanation. However, they don't apply it to training attendance specifically, don't engage with what this means for the gender bias diagnosis, and don't note that the bias may have shifted upstream. The answer is vague and only minimally connects to the diagnostic question."
b09dba71-85ee-4c50-a70e-1bfaeb00e886,bc676cdc-3ad8-4a8d-99ec-34f602544446,59aea710-0446-4698-9f69-e90e69d11a15,25,4,4,[full] The student correctly defines bias as systematic error from misspecification/missing variables and variance as sensitivity to the training sample. They provide a valid fix for each (add the right control variable; regularization) and bonus points for explicitly noting why they aren't interchangeable (more data won't fix misspecification). This meets all criteria for the full tier.
ab77c706-6d84-41f1-b447-545cd2123926,bc676cdc-3ad8-4a8d-99ec-34f602544446,bf20a1f1-55e5-4d0b-837a-b95220c19b35,26,4,3.5,"[full] The student clearly explains that training fit only shows the model matches what it has seen, and connects this to the train/test split's purpose: testing generalization on new data. They also correctly identify overfitting as the failure mode. They don't quite articulate the 'multiple rules can fit the same data' idea explicitly, but the memorization-vs-generalization concept is conveyed well enough to warrant near-full credit."
414339c0-1081-4a0f-986e-576c245d82f1,bc676cdc-3ad8-4a8d-99ec-34f602544446,6071629d-df03-49a2-b4cc-ad2591f60310,27,4,4,[full] The student clearly states the conceptual point — residuals can capture an unmeasured factor the model failed to explain — and provides the canonical soccer-auction example with celebrity appeal/brand value. The CR7 elaboration further demonstrates understanding that residual = earnings beyond what current on-field skill predicts. Meets both halves of the 2+2 rubric.
8eb09a30-a9f8-4560-9e8e-05a05c76cd2d,bc676cdc-3ad8-4a8d-99ec-34f602544446,e1ee87df-b151-4757-8f10-071290f018df,28,4,4,"[full] The student correctly frames both sides: high recall when missing a true case is costly (fraud detection example) and high precision when false alarms are costly (retention campaign example). Both examples are concrete and plausible, with clear reasoning about why each metric matters in that context. Meets the full-credit criteria."
36533ba2-6494-4858-a561-574a0a65d99a,bc676cdc-3ad8-4a8d-99ec-34f602544446,44763eed-6502-4cd3-82dd-f8a5c538e67a,29,4,3,"[partial] The student correctly describes the mechanism: adding features makes every customer unique and groups become too small to find similar others. However, they call it 'the high dimensionality problem' rather than the precise term 'curse of dimensionality,' and they don't explicitly mention distances flattening. This fits the partial tier (mechanism present, name slightly off)."
8d7a0dbc-e432-4ac1-b7b9-560c7f2f410d,bc676cdc-3ad8-4a8d-99ec-34f602544446,667c7bd9-4b15-48b6-89fe-7ada3d7c570f,30,4,4,"[full] The student names two valid conditions (dense interactions and cheap mistakes) and clearly contrasts Spotify vs. loans for each. The skip-vs-life-altering-decision contrast for cheap mistakes is exactly right, and the repeat-interactions contrast is correctly identified. Despite minor grammar issues, the reasoning is sound and complete."
e2d0ccca-af78-4bcd-b644-bd9bd7348cec,bc676cdc-3ad8-4a8d-99ec-34f602544446,b0dd4e38-0fa5-4799-bf07-df61264a48f5,31,5,4,"[strong] The student correctly identifies the aggregate-vs-subgroup mismatch ('overall platform average' vs 'specific groups') and requests the right diagnostic (accuracy broken down by job type). However, they don't explicitly connect this to the decision — i.e., that shipping decisions are made at the subgroup level so the metric should match. This fits the 'strong' tier where the connection to the decision is left implicit."
30866e5f-09cb-4590-95a1-37e52240ce7b,bc676cdc-3ad8-4a8d-99ec-34f602544446,851e31ca-15ec-4b77-9358-e186b2031428,32,5,4.5,"[strong-plus] The student names Simpson's paradox and clearly describes the mechanism (B may treat harder cases, making aggregate misleading) and asks the right diagnostic question (case severity breakdown). They don't explicitly state the consequence — that reassigning could remove the best critical-case doctor — though it's lightly implied by 'not because they are actually a worse doctor.' This sits between strong (4) and full (5), so I'm awarding 4.5."
89ea1d5b-b478-4e2a-b951-2d36430c90ed,bc676cdc-3ad8-4a8d-99ec-34f602544446,f8d39cba-5276-4ab6-883f-2a09616d2477,33,5,5,"[full] The student correctly answers 'lower than 0.5', identifies the cost asymmetry (FN much more costly than FP), and connects the threshold to the action (flag more transactions, higher recall, accepting more false alarms). All three rubric components for full credit are present, even without computing the explicit breakeven."
9c929870-361d-41f9-82f5-99b9c38532c2,bc676cdc-3ad8-4a8d-99ec-34f602544446,eb99791e-8692-4dbd-b0bf-4c835a921c63,34,5,3,"[partial] The student correctly identifies the popularity loop mechanism and describes the self-reinforcing feedback ('plays make the model recommend more'). However, they do not explain why standard metrics still look good, and they do not propose any mitigation. Per the rubric, missing the mitigation places this at the 'partial' tier (3 points)."
8ce335df-5c61-4ea0-99a5-99fff2f85824,bcb0d29b-11d5-40d6-b443-4b81b748763e,45c3ceae-f884-4741-912b-a2caf5ce30e1,21,4,2,"[partial-low] The definition is somewhat on track ('the data or entity being observed') but shaky — it doesn't clearly tie to what one row represents. The example names two potential units (study level, experience level) but it's vague and not clearly a case of the same dataset supporting two different aggregations. This fits the partial-low tier: shaky definition with a weak example."
fd459c81-314f-47ad-9a72-98d72b3fda52,bcb0d29b-11d5-40d6-b443-4b81b748763e,5fcb1ea2-216d-4b43-8c45-6b8afa0b851f,22,4,2,"[partial-low] The student identifies that rejected applicants are excluded from the training data and that the model narrows to favorable candidates, which captures part of the selection mechanism. However, they don't explain the compounding feedback loop over successive retrains, and they mislabel the phenomenon as 'underfitting,' which is a different concept. This earns partial-low credit for naming the mechanism but missing the consequence and using incorrect terminology."
10ba109b-8fa2-4d2b-a786-2ae7ed6d5110,bcb0d29b-11d5-40d6-b443-4b81b748763e,0cbd4c8c-8016-424c-8c37-945da6aacec8,23,4,3,"[partial] The student addresses all three phenomena and recognizes that results change depending on how the data is analyzed or which variables are included. However, they don't quite unify the three as facets of the same operation — they describe each somewhat separately rather than articulating the single underlying lesson that the conclusion is conditional on the specification/level of analysis. Strong but missing the unifying insight, fitting the 'partial' tier."
25042bdb-e89f-46a3-9929-73211058bd86,bcb0d29b-11d5-40d6-b443-4b81b748763e,8e8f837b-b9d4-41ff-9c87-d39a139d8541,24,4,2,"[partial-low] The student notes that adding training attendance changes the gender coefficient and that training explains promotions more clearly, which gets at the mediation idea. However, they don't explicitly address what this means for the gender bias diagnosis — they don't note that the bias may have shifted upstream to attendance access, nor do they discuss the remedy implication. This matches the partial-low tier: on track but missing the diagnostic shift."
1d5a615a-482d-43a4-b0d4-879ed5c37e74,bcb0d29b-11d5-40d6-b443-4b81b748763e,59aea710-0446-4698-9f69-e90e69d11a15,25,4,1,"[minimal] The student names bias and variance but the definitions are confused: 'bias is when model coefficients are changed, predictions also change' is not a correct characterization of bias as systematic/specification error, and the variance definition conflates it with prediction error generally. No distinct fixes are provided for each — only a vague 'find an optimal balance' that applies to both. This matches the minimal tier: names the concepts but conflates them and gives a single shared fix."
d700dc36-d8ab-4c20-8200-5ea6bd4efd76,bcb0d29b-11d5-40d6-b443-4b81b748763e,bf20a1f1-55e5-4d0b-837a-b95220c19b35,26,4,2,"[partial-low] The student correctly identifies that the test set is used to check whether the model has learned the pattern, tying training to the train/test split. However, they do not articulate WHY training accuracy alone is insufficient—there's no mention of memorization vs. generalization or that multiple rules can fit the same training data. This earns partial-low credit for connecting the split to evaluation without explaining the underlying reason."
47aeb978-a5bb-494c-af7a-c0786470fccd,bcb0d29b-11d5-40d6-b443-4b81b748763e,6071629d-df03-49a2-b4cc-ad2591f60310,27,4,1,"[minimal] The student's answer conflates residuals with omitted variable bias / confounding rather than engaging with the key idea that residuals themselves can be the variable of interest. The example is about how adding a control (car type) changes coefficients, not about extracting meaningful signal from the residual itself. There's some understanding that residuals indicate unexplained variation, but the answer misses the conceptual point about residuals making unmeasurable things measurable."
95d7e60a-6db7-45e1-b813-f89cdae26b93,bcb0d29b-11d5-40d6-b443-4b81b748763e,e1ee87df-b151-4757-8f10-071290f018df,28,4,0,"[none] The student reverses the trade-off in both directions. They say 'high precision' for the COVID case (where missing a sick person is the cost of a false negative) — that scenario calls for high recall, not precision. Then they say 'high recall' when false positives are costly — that's backwards; high precision is what minimizes false positives. The underlying intuition about cost-of-miss vs cost-of-false-alarm is present, but the labels are swapped, which matches the rubric's 'none' tier."
d98c1fdc-bfbb-4d9d-b7af-671f914bcd85,bcb0d29b-11d5-40d6-b443-4b81b748763e,44763eed-6502-4cd3-82dd-f8a5c538e67a,29,4,3,"[partial] The student correctly names the problem ('dimensionality problem' — close enough to curse of dimensionality) and conveys the mechanism that adding features makes customers impossible to cluster/group together. However, the distance intuition is slightly off: they say distances become 'too big' rather than that distances flatten/become similar across all pairs, which is the precise mechanism. Strong understanding with a shaky piece on the distance explanation earns partial credit at 3 points."
a72b4643-8cd3-4797-b3fd-d75d5b4bdbad,bcb0d29b-11d5-40d6-b443-4b81b748763e,667c7bd9-4b15-48b6-89fe-7ada3d7c570f,30,4,0,"[none] The student discusses embeddings and interpretability, which is not one of the four conditions (latent taste, dense interactions, vast catalog, cheap mistakes). The answer conflates recommender fit with model interpretability concerns and doesn't name any of the required conditions or provide a valid Spotify-vs-loan contrast on those dimensions."
cbefa493-e540-4d5d-8b2b-b76dc66e68c5,bcb0d29b-11d5-40d6-b443-4b81b748763e,b0dd4e38-0fa5-4799-bf07-df61264a48f5,31,5,3.5,"[strong] The student correctly identifies the aggregate vs. subgroup (de-aggregated) mismatch, which is the core unit-of-analysis insight (calling it Simpson's paradox is close enough — the framing is right). However, they did not explicitly request a specific piece of additional information (subgroup performance breakdown) before shipping, nor did they connect the metric to the decision level. That missing diagnostic request keeps it from full credit, but the conceptual framing is stronger than the 'partial' tier."
986a3ce2-e1f5-4991-a96a-35331297d798,bcb0d29b-11d5-40d6-b443-4b81b748763e,851e31ca-15ec-4b77-9358-e186b2031428,32,5,4,"[strong] The student correctly identifies the case-mix mechanism in plain language — Doctor B may be getting more critical cases, which drags down the aggregate rate. They ask the right diagnostic question (what kinds of cases each doctor handles) and also mention sample size as a secondary check. However, they don't explicitly state the consequence — that reassigning critical cases away from B could remove the best critical-case doctor — so this lands at 'strong' rather than 'full'."
57e704ac-3f44-4ef4-84f5-a17491f38d43,bcb0d29b-11d5-40d6-b443-4b81b748763e,f8d39cba-5276-4ab6-883f-2a09616d2477,33,5,1,"[minimal] The student correctly identifies the cost asymmetry (FN $800 > FP $20) but reverses the direction by recommending 'higher.' A higher threshold means fewer flags, which lets MORE expensive false negatives through — the opposite of what the cost structure demands. Per the rubric, reversed direction zeros out unless reasoning salvages credit; the student does show partial understanding of the cost asymmetry, earning minimal credit."
8882b43d-7c00-4007-bc85-3f06f79b8033,bcb0d29b-11d5-40d6-b443-4b81b748763e,eb99791e-8692-4dbd-b0bf-4c835a921c63,34,5,2.5,"[partial] The student gestures at the right pattern — popular songs keep getting recommended while new/unusual ones are excluded — and proposes a mitigation (deliberately surfacing songs outside the popularity horizon), which is essentially exploration/diversity injection. However, they mislabel it as 'survivorship bias' rather than articulating the self-reinforcing closed-loop mechanism (the model only sees what it surfaces), and they don't address why standard metrics still look good. This sits between minimal and partial — better than just 'popular songs get recommended more' because a mitigation is offered, but the loop mechanism and metric blindspot are missing."
a43dea2e-c248-4982-9425-be71f9500591,bd804da3-6f1d-4c07-9cd0-298e0f6afe3f,45c3ceae-f884-4741-912b-a2caf5ce30e1,21,4,0.5,"[none] The student defines unit of observation as 'a variable value' used for calculations, which conflates the unit with a variable/feature rather than what one row represents. The example given (ages of left/right handers) describes variable values, not two different units of observation derivable from the same dataset. This matches the 'none' tier criterion of confusing unit with variable, though minimal credit is given for engaging with the question."
b64869de-bd7d-4ddf-9f3a-91ae502b8fe3,bd804da3-6f1d-4c07-9cd0-298e0f6afe3f,5fcb1ea2-216d-4b43-8c45-6b8afa0b851f,22,4,2,"[partial-low] The student correctly identifies that rejected applicants are excluded from training data, which is the core selection mechanism. However, they frame it as 'omitted variable' (incorrect terminology here) and don't explain the compounding/feedback loop — that with each retrain the data narrows further toward the model's existing preferences. The mechanism is named but the progressive consequence is underdeveloped."
4f68e799-d09d-4cac-b8a5-488e8de5fb1f,bd804da3-6f1d-4c07-9cd0-298e0f6afe3f,0cbd4c8c-8016-424c-8c37-945da6aacec8,23,4,3,"[partial] The student captures the core insight that aggregate vs. individual analysis yields different results, which is the 'depends on what's in the model / level of analysis' idea. However, the articulation is somewhat unclear and doesn't explicitly unify all three phenomena as facets of the same operation (conditioning on other variables). It's a strong partial answer that grasps the underlying lesson but lacks the clean unification for full credit."
8f588eec-5664-4896-8a16-c33b714fa52e,bd804da3-6f1d-4c07-9cd0-298e0f6afe3f,8e8f837b-b9d4-41ff-9c87-d39a139d8541,24,4,0,"[none] The student appears to have misread the question — they describe gender as the key omitted variable being added, which is the opposite of the scenario (training attendance is the variable added, and the gender coefficient vanishes). They don't recognize that the gender effect is mediated/absorbed by training attendance, nor do they discuss what this means for the diagnosis of gender bias. The answer doesn't engage with the actual shift in where the bias lives."
f59bddd1-94f2-47da-8216-a649ed5e5983,bd804da3-6f1d-4c07-9cd0-298e0f6afe3f,59aea710-0446-4698-9f69-e90e69d11a15,25,4,1,"[minimal] The student correctly identifies bias as related to model specification/wrong variables, but incorrectly defines variance as 'underfitting' (variance is associated with overfitting/sample sensitivity, not underfitting). The fix given (adding relevant variables) is a bias fix, not a variance fix, and no separate variance fix is offered. This conflates the two concepts and only provides one fix, fitting the 'minimal' tier."
909913e2-9991-4cb1-ac35-8e602fe5f004,bd804da3-6f1d-4c07-9cd0-298e0f6afe3f,bf20a1f1-55e5-4d0b-837a-b95220c19b35,26,4,4,"[full] The student captures both required pieces: (1) a model can fit training data with a 'wrong rule that happens to work' — a plain-language version of multiple-rules-fit-the-same-data / memorization vs generalization, and (2) the test split checks whether the learned pattern works on new data, not just data the model has seen. Despite a small typo ('occurs' for 'tests'), the meaning is clear and both rubric requirements are met."
d66e8ffa-bb1c-4ef8-8165-f1a01da20130,bd804da3-6f1d-4c07-9cd0-298e0f6afe3f,6071629d-df03-49a2-b4cc-ad2591f60310,27,4,1.5,"[minimal] The student gestures at residuals being useful for further study, but doesn't clearly articulate the key idea that residuals can themselves be the variable of interest — something unmeasurable made measurable. The example confuses residuals with omitted variables (saying education 'might be left out' as a residual), which is a conceptual error. Some partial credit for sensing residuals carry useful information beyond noise, but the explanation and example don't land the core point."
60403cf7-802e-4ff9-98ee-b7682c519b51,bd804da3-6f1d-4c07-9cd0-298e0f6afe3f,e1ee87df-b151-4757-8f10-071290f018df,28,4,2,"[partial-low] The student correctly frames high recall as appropriate when missing a true case is costly and gives a valid example (fraud detection). However, they completely omit the precision side of the question — no framing for when precision matters and no example. This matches the partial-low tier: only one side is developed."
3112daf7-f185-45ee-beb5-5c1c9b1b7ac8,bd804da3-6f1d-4c07-9cd0-298e0f6afe3f,44763eed-6502-4cd3-82dd-f8a5c538e67a,29,4,1,"[minimal] The student vaguely gestures at the idea that too many features make similarity hard to assess ('every customer is different'), but doesn't articulate the distance-flattening mechanism. They also misname the problem as 'high variance' rather than the curse of dimensionality. This earns minimal credit for being on the right general track without the key intuition or correct name."
b3e0bfd7-85f1-46a7-bd8a-c6a43ec4533d,bd804da3-6f1d-4c07-9cd0-298e0f6afe3f,667c7bd9-4b15-48b6-89fe-7ada3d7c570f,30,4,2,"[partial-low] The first point gestures at 'dense interactions' — listeners stream many songs to build up a profile, which loans lack since each applicant has one application. That's a valid condition with implicit contrast. The second point about 'no approval/rejection rate' is closer to 'cheap mistakes' (a skip isn't a rejection with consequences) but is stated vaguely and doesn't clearly articulate the cost asymmetry. Partial credit for naming two relevant conditions but with weak/unclear justification on both."
aa234383-dbd7-4328-91f4-dc13fd4ae172,bd804da3-6f1d-4c07-9cd0-298e0f6afe3f,b0dd4e38-0fa5-4799-bf07-df61264a48f5,31,5,0,"[none] The student's answer talks about bias/variance and adding more variables, which is unrelated to the unit-of-analysis mismatch the question is asking about. They don't recognize that both claims can be true at different aggregation levels, nor do they request subgroup performance breakdowns. The response misses the core insight entirely."
b0df99c5-5e77-49db-9ff9-aa902a308ef8,bd804da3-6f1d-4c07-9cd0-298e0f6afe3f,851e31ca-15ec-4b77-9358-e186b2031428,32,5,3,"[partial] The student correctly identifies that case mix / specialization matters and asks about what kinds of cases each doctor handles, which is the right diagnostic instinct. However, they don't articulate Simpson's paradox or the specific mechanism that aggregate survival rates can reverse when conditioning on severity, and they don't clearly name the risk that reassigning critical cases could remove the best critical-case doctor. This fits the 'partial' tier: asking whether cases are comparable without fully articulating the case-mix mechanism."
236c4450-2712-4343-b75e-890cfd1a13e1,bd804da3-6f1d-4c07-9cd0-298e0f6afe3f,f8d39cba-5276-4ab6-883f-2a09616d2477,33,5,0,"[none] The student says 'above 0.5' which is the reversed direction. While they correctly identify that false negatives are costlier, raising the threshold actually reduces flags and produces MORE false negatives — the opposite of what the cost asymmetry implies. Per the rubric, reversed direction zeros out unless reasoning salvages it, and here the reasoning itself is internally inconsistent with the conclusion."
6abde442-f98b-4cb7-abdc-a781c599c620,bd804da3-6f1d-4c07-9cd0-298e0f6afe3f,eb99791e-8692-4dbd-b0bf-4c835a921c63,34,5,1,"[minimal] The student vaguely gestures at the recommender favoring frequently-listened tracks but does not articulate the self-reinforcing closed-loop mechanism or why standard metrics still look good. The proposed mitigation ('adding variables') is not a meaningful remedy for the popularity loop — it doesn't address exploration, diversity injection, or coverage monitoring. This fits the 'minimal' tier: notes popular songs get recommended more without the loop or metric-blindspot insight."
3ad1f185-960c-4b3f-bcba-ccbba509db33,bf77a01c-04f7-4d94-9f8c-1ca1550f59b4,45c3ceae-f884-4741-912b-a2caf5ce30e1,21,4,4,"[full] The student clearly defines unit of observation as what each row represents and what is being measured. They provide a concrete example with two distinct units (student level vs. course enrollment level) derivable from the same dataset, and even add the helpful insight that students appear multiple times in the second framing. This meets both criteria for full credit."
148775c4-9fe9-4238-a545-2376880e6b9c,bf77a01c-04f7-4d94-9f8c-1ca1550f59b4,5fcb1ea2-216d-4b43-8c45-6b8afa0b851f,22,4,4,"[full] The student identifies the feedback loop (model only learns from previously approved applicants / types it already favored) and explains the compounding consequence (groups become underrepresented, model has less information about them, reinforces original preferences). Both the mechanism and the self-reinforcing consequence are clearly articulated in plain language. This meets the full-credit criteria."
9609db0d-a95c-4799-b1ae-3d6f6b64202e,bf77a01c-04f7-4d94-9f8c-1ca1550f59b4,0cbd4c8c-8016-424c-8c37-945da6aacec8,23,4,4,"[full] The student clearly articulates the core insight that conclusions depend on what variables are included in the model, and notes that patterns can 'disappear, reverse, or become more accurate' — capturing all three phenomena (Simpson's reversal, sign-flip, controlling for) as facets of the same operation. This is a plain-language equivalent of the model answer and earns full credit."
397dac22-a577-4330-8534-8321824f3dc1,bf77a01c-04f7-4d94-9f8c-1ca1550f59b4,8e8f837b-b9d4-41ff-9c87-d39a139d8541,24,4,4,[full] The student correctly identifies that gender's effect is absorbed by training attendance (mediation/omitted variable bias) and explicitly shifts the diagnosis — noting the difference may be in 'access to or participation in training rather than direct gender discrimination in promotion decisions.' This captures both required pieces: the mediation insight and the upstream relocation of the issue. The hedged language ('evidence becomes much weaker') is appropriate and avoids the common wrong answer of declaring no bias exists.
1724ac0b-b4ef-41d9-9a7c-c2c7c29f20ba,bf77a01c-04f7-4d94-9f8c-1ca1550f59b4,59aea710-0446-4698-9f69-e90e69d11a15,25,4,4,[full] The student clearly defines bias as systematic error from a too-simple or misspecified model and variance as sample sensitivity. They provide correct fixes for each (better features/more flexible model for bias; regularization or more data for variance) and bonus insight on the bias-variance tradeoff explaining why they aren't interchangeable. Full credit per the rubric.
e0991535-9a4d-4ab1-a4bb-67967b22ec23,bf77a01c-04f7-4d94-9f8c-1ca1550f59b4,bf20a1f1-55e5-4d0b-837a-b95220c19b35,26,4,4,"[full] The student clearly distinguishes memorization from learning the underlying pattern, and ties this directly to the purpose of the train/test split: the test set evaluates whether the model generalizes to unseen data. Both rubric components are present — the memorization-vs-generalization insight and the connection to the held-out test set as the real evaluation."
2eafbbdd-b981-437c-bea1-5b6b505c0661,bf77a01c-04f7-4d94-9f8c-1ca1550f59b4,6071629d-df03-49a2-b4cc-ad2591f60310,27,4,4,"[full] The student clearly articulates the conceptual point that residuals capture meaningful unexplained variation, including hidden factors not in the model. The movie revenue example is concrete and analogous to the soccer auction example: word-of-mouth/cultural popularity is exactly the kind of unmeasurable construct that residuals can reveal. This satisfies both the conceptual point (2 pts) and the concrete example (2 pts)."
794a2767-ec1d-4f24-8acf-0b11a4f22a4c,bf77a01c-04f7-4d94-9f8c-1ca1550f59b4,e1ee87df-b151-4757-8f10-071290f018df,28,4,4,"[full] The student correctly frames both sides: high recall when missing a true positive is costly, and high precision when false positives are costly. Both examples (cancer screening for recall, spam filtering for executives for precision) are concrete and plausible. This meets the full-credit criteria."
8debb7ce-2082-42e7-9f15-09b4d0f5f5a3,bf77a01c-04f7-4d94-9f8c-1ca1550f59b4,44763eed-6502-4cd3-82dd-f8a5c538e67a,29,4,4,"[full] The student clearly describes the mechanism: as features grow, distances between points become similar and similarity loses meaning in high-dimensional space. They also correctly name the curse of dimensionality. Both pieces of the full-credit rubric are satisfied."
fd32cf19-daeb-4415-9e79-738eaca7d6b9,bf77a01c-04f7-4d94-9f8c-1ca1550f59b4,667c7bd9-4b15-48b6-89fe-7ada3d7c570f,30,4,3.5,"[full] The student names two valid conditions: dense interactions (lots of user preference data enabling collaborative filtering) and cheap mistakes (a wrong song has little loss vs. a loan default being costly). Both have a Spotify-vs-loan contrast, though the first condition is framed slightly more as 'collaborative filtering works' than explicitly as dense interactions per user. The cheap-mistakes contrast is clearly articulated. Minor deduction for the first condition being a bit fuzzy, but the contrast logic is sound."
1955e9dc-c5fb-4e8b-9588-63a630e3f4ea,bf77a01c-04f7-4d94-9f8c-1ca1550f59b4,b0dd4e38-0fa5-4799-bf07-df61264a48f5,31,5,4,"[strong] The student clearly identifies the aggregate vs subgroup mismatch ('overall average across the entire platform' vs engineering subgroup performance) and requests a specific, appropriate breakdown (precision/recall by job category). However, they don't explicitly connect this to the shipping decision — i.e., that the action happens at the recruiter/job-category level, so the metric should match that unit. This fits the 'strong' tier where the connection to the decision is implicit."
3bc34ca8-4357-4eb6-b912-2400ea39436b,bf77a01c-04f7-4d94-9f8c-1ca1550f59b4,851e31ca-15ec-4b77-9358-e186b2031428,32,5,4.5,"[full] The student names Simpson's paradox/confounding, asks the right diagnostic question (break survival rates down by case severity), and explains the mechanism (lower aggregate may reflect harder patient population). They imply but don't explicitly state the consequence of reassigning — that the hospital could remove its best critical-case doctor. Strong answer that essentially meets the full-credit criteria with only a minor gap on explicitly naming the consequence."
e0eda66c-586e-423b-8ef1-046f3d5a71a0,bf77a01c-04f7-4d94-9f8c-1ca1550f59b4,f8d39cba-5276-4ab6-883f-2a09616d2477,33,5,5,"[full] The student correctly answers 'lower than 0.5', explicitly identifies the cost asymmetry ($800 vs $20), and connects the lower threshold to the action (higher recall, catching more fraud at the cost of more false alarms). The reasoning is clear and complete per the full-credit rubric, even without computing the breakeven."
0384f08a-56e8-4f94-8208-c98856af3cfc,bf77a01c-04f7-4d94-9f8c-1ca1550f59b4,eb99791e-8692-4dbd-b0bf-4c835a921c63,34,5,4,"[strong] The student clearly identifies the closed-loop/feedback mechanism (popular songs get recommended more, get more clicks, get recommended more) and proposes a solid mitigation (exploration / diversity injection). However, they don't explicitly explain why standard metrics still look good — i.e., that the model is evaluated only on the items it surfaces and is silent on the long tail. This matches the 'strong' tier at 4 points."
b3456a79-5b6a-4a9a-b3f5-9dd6a8827afd,c829eb08-1ff8-4063-b5a0-65eafe5f28d5,45c3ceae-f884-4741-912b-a2caf5ce30e1,21,4,4,"[full] The student clearly defines unit of observation as what each row represents and provides a concrete, valid example of two different units (transaction vs customer) derivable from the same retail dataset. Both required elements of the rubric are fully satisfied."
e0edbc7d-e09d-4d04-89b8-8451c655e89f,c829eb08-1ff8-4063-b5a0-65eafe5f28d5,5fcb1ea2-216d-4b43-8c45-6b8afa0b851f,22,4,4,"[full] The student clearly identifies the selection mechanism (rejected applicants disappear from outcome data) and explains the compounding consequence (each retraining cycle narrows the population further, reinforcing the model's existing definition of a 'safe' applicant). They explicitly name the feedback loop and note that bias strengthens over time without anyone programming it. This meets both criteria for full credit."
8e790771-3659-408a-b314-9ddcd6f93b35,c829eb08-1ff8-4063-b5a0-65eafe5f28d5,0cbd4c8c-8016-424c-8c37-945da6aacec8,23,4,4,[full] The student articulates the core insight that the conclusion depends on what's in the model ('what is being held constant and what unit of observation'). They explicitly unify all three phenomena as showing the same underlying operation — that adding/holding a variable can change or reverse the pattern. This matches the full-credit criteria of recognizing all three as facets of one operation expressed in plain language.
dc0212eb-d692-4541-aff4-8aee6ab1ba3e,c829eb08-1ff8-4063-b5a0-65eafe5f28d5,8e8f837b-b9d4-41ff-9c87-d39a139d8541,24,4,4,"[full] The student correctly identifies that the gender coefficient was absorbing training-attendance differences and that within the same attendance level, gender no longer predicts promotion. They also explicitly shift the diagnosis upstream, noting bias may operate earlier in the pipeline at the access-to-training stage rather than at the promotion decision. This hits both rubric components for full credit."
b1fa59c7-9fe7-46f0-8800-0e34f320c9f5,c829eb08-1ff8-4063-b5a0-65eafe5f28d5,59aea710-0446-4698-9f69-e90e69d11a15,25,4,4,[full] The student clearly defines bias as systematic error from simplifying assumptions and variance as sensitivity to training data fluctuations. They correctly explain why the two are not interchangeable (different sources). They provide a valid fix for each: increase model complexity for bias and regularization for variance. Meets all criteria for full credit.
40764272-da0f-49a5-a3cd-52ad0484c5bb,c829eb08-1ff8-4063-b5a0-65eafe5f28d5,bf20a1f1-55e5-4d0b-837a-b95220c19b35,26,4,4,"[full] The student clearly articulates that perfect training fit could just be memorization of noise/quirks rather than learning the underlying relationship, which captures the multiple-rules-fit-same-data idea in plain language. They also connect this directly to the train/test split's purpose: held-out data reveals whether the model generalizes versus memorized. Both rubric components for full credit are satisfied."
a0013d5b-6fc5-4db4-a7b4-aedf8d9cdef0,c829eb08-1ff8-4063-b5a0-65eafe5f28d5,6071629d-df03-49a2-b4cc-ad2591f60310,27,4,4,"[full] The student clearly articulates the conceptual point that residuals can carry signal (hidden value, celebrity appeal) rather than just being error. They provide the soccer auction example with the correct interpretation — residual as celebrity/brand appeal — and connect it to a business use case. This meets both the conceptual and concrete-example criteria for full credit."
d76cc084-d9f2-4032-8dee-0114a1b1e372,c829eb08-1ff8-4063-b5a0-65eafe5f28d5,e1ee87df-b151-4757-8f10-071290f018df,28,4,4,"[full] The student correctly frames both sides: high recall when missing a positive is costly, high precision when acting on a false positive is expensive/intrusive. Both examples are concrete and plausible — fraud detection for recall and high-value sales prospecting for precision. The reasoning is sound and clearly articulated."
b6946741-6ac1-4674-8cd5-0cb64392fb89,c829eb08-1ff8-4063-b5a0-65eafe5f28d5,44763eed-6502-4cd3-82dd-f8a5c538e67a,29,4,4,[full] The student clearly describes the distance-flattening mechanism ('distances between customers stop being meaningful and nearly everyone looks equally far apart') and explains the consequence for nearest-neighbor and recommendation tasks. They also correctly name the curse of dimensionality. This satisfies both the mechanism and naming requirements for full credit.
c763dd80-06d7-443b-ac32-89bd69b88d46,c829eb08-1ff8-4063-b5a0-65eafe5f28d5,667c7bd9-4b15-48b6-89fe-7ada3d7c570f,30,4,3,"[partial] The student clearly identifies 'cheap mistakes' (low risk, skip vs. loan loss) with a strong Spotify-vs-loan contrast. They also gesture at a second condition with 'feedback-rich environment' (dense interactions), but the justification blurs into the same low-stakes argument rather than contrasting interaction density (many songs streamed vs. one loan application). The personalization point is true but isn't one of the four conditions. Strong on one condition, weaker contrast on the second — fits the 'partial' tier."
275248dc-536f-41e0-9a4c-4e7bb726466e,c829eb08-1ff8-4063-b5a0-65eafe5f28d5,b0dd4e38-0fa5-4799-bf07-df61264a48f5,31,5,5,"[full] The student clearly names the aggregate vs. subgroup (unit-of-analysis) mismatch, explaining how platform-level accuracy can hide poor performance on engineering jobs. They request a specific subgroup breakdown (confusion matrix / precision & recall by job family). They also connect it to the decision by noting the business cost of wrong recommendations in that segment, satisfying all three criteria for full credit."
020c7f58-ec3c-4a7e-ac60-6ff7e6892fce,c829eb08-1ff8-4063-b5a0-65eafe5f28d5,851e31ca-15ec-4b77-9358-e186b2031428,32,5,5,"[full] The student names Simpson's paradox, asks the correct diagnostic question (breakdown by case severity/risk factors), explains the mechanism (B may have harder cases), and explicitly states the risk of reassignment (moving critical patients away from a doctor who may be best suited for them). Bonus insight on unit of observation and risk-adjusted metrics. Meets all criteria for full credit."
8b769f35-9e53-4c84-9fd7-cf3e6714cbaf,c829eb08-1ff8-4063-b5a0-65eafe5f28d5,f8d39cba-5276-4ab6-883f-2a09616d2477,33,5,5,"[full] Student correctly answers 'lower than 0.5', explains the cost asymmetry (FN much more expensive than FP), and ties the threshold to action (flag more transactions, accept extra service cost, favor recall). All three rubric elements for full credit are present."
65cd3dc1-313a-493d-aa2b-51ac671c0500,c829eb08-1ff8-4063-b5a0-65eafe5f28d5,eb99791e-8692-4dbd-b0bf-4c835a921c63,34,5,5,"[full] The student clearly identifies the closed-loop/popularity mechanism ('songs that get recommended receive more listens, and those listens make the model even more confident recommending them again'), explains why metrics still look good ('popular tracks are safe predictions' while niche songs are starved of exposure), and proposes reasonable mitigations (reserved exploration slots and monitoring catalog coverage). All three rubric components for full credit are present."
ba34594c-661a-447c-8cc8-8ea8c543f64e,cd6233ec-192e-449f-a012-129abfd7eaf7,45c3ceae-f884-4741-912b-a2caf5ce30e1,21,4,2,"[partial-low] The definition is correct — the student clearly states a unit of observation is what each row represents. However, the example misses the point of the question, which asks how the SAME dataset could be analyzed at two different units (e.g., event vs. candidate). Instead, the student describes how different datasets could share a feature, which doesn't demonstrate understanding of regrouping or aggregating one dataset to different levels."
90798549-b2c3-4c78-ab37-1a87804f098b,cd6233ec-192e-449f-a012-129abfd7eaf7,5fcb1ea2-216d-4b43-8c45-6b8afa0b851f,22,4,3.5,"[full] The student clearly identifies the feedback loop (rejected applicants never generate outcomes, so the model only sees approved-like applicants) and notes the consequence (bias toward applicants similar to previously-approved ones). The compounding/narrowing-over-time aspect is implied via 'feed-back loop' but not explicitly developed, so I'm awarding near-full rather than a clean 4. Strong answer overall that captures the selection mechanism without attributing it to programming."
bd39e1d1-cd62-451a-b988-ed340424545c,cd6233ec-192e-449f-a012-129abfd7eaf7,0cbd4c8c-8016-424c-8c37-945da6aacec8,23,4,1.5,"[minimal] The student gestures at the idea that data can mislead and that other factors matter, but doesn't articulate the core insight that conclusions depend on what's in the model/level of analysis. They don't unify the three phenomena (Simpson's, sign-flip, controlling) as facets of the same operation. It's slightly more than 'minimal' because they hint at considering other variables, but it falls short of the 'depends on the model' insight required for partial-low."
fdc349b3-1ac5-4ab9-a933-917f31077427,cd6233ec-192e-449f-a012-129abfd7eaf7,8e8f837b-b9d4-41ff-9c87-d39a139d8541,24,4,4,"[full] The student correctly identifies that training-attendance absorbs the gender effect (calling it a confounder) and explains the mediation clearly: one gender has lower attendance, which is what drives the promotion gap. They also shift the diagnosis upstream — the issue is the attendance gap, not the promotion decision itself. This satisfies both the concept and the diagnostic-shift requirements for full credit."
b2eca195-1655-4aca-9dd1-b206d057364b,cd6233ec-192e-449f-a012-129abfd7eaf7,59aea710-0446-4698-9f69-e90e69d11a15,25,4,0,"[none] The student reverses the definitions: bias actually causes underfitting and variance causes overfitting, but the student claims the opposite. Additionally, 'feed the model a larger training dataset' is explicitly flagged as the wrong fix for bias. Per the rubric, reversing definitions and/or proposing 'collect more data' as the fix for bias warrants 0 points."
e4ef8527-f47f-4a98-9ffe-ff6a35431525,cd6233ec-192e-449f-a012-129abfd7eaf7,bf20a1f1-55e5-4d0b-837a-b95220c19b35,26,4,4,[full] The student clearly identifies memorization as the alternative to learning the pattern (matching the multiple-rules-fit concept in plain language) and connects this to the train/test split's purpose of evaluating on unseen data to verify generalization. Both required pieces of the full-credit rubric are present.
4172322b-b35f-46cb-93f5-7e728d686eaf,cd6233ec-192e-449f-a012-129abfd7eaf7,6071629d-df03-49a2-b4cc-ad2591f60310,27,4,2,"[partial-low] The student touches on the idea that residuals carry signal beyond noise — specifically that they indicate missing features — which is a partial conceptual point. However, they don't quite reach the key insight that residuals can themselves *be* the variable of interest (constructing an unmeasurable quantity). The example is also somewhat off: a high residual for a single observation wouldn't typically diagnose a missing feature like sex, and the example doesn't demonstrate using residuals to measure something unmeasurable. Awarding 2 for partial engagement with the concept but a weak/imprecise example."
14839fab-d0e2-449d-9473-1fede7e98a9c,cd6233ec-192e-449f-a012-129abfd7eaf7,e1ee87df-b151-4757-8f10-071290f018df,28,4,3.5,"[full] The student correctly frames both sides of the tradeoff (recall when false negatives cost more, precision when false positives cost more) and provides a clear concrete example for recall (infectious disease testing). The precision example is a bit muddled — the scammer example actually suggests recall matters more since failing to catch a scammer costs 10x more, which slightly undercuts the framing. Still, the conceptual framing is correct and the recall example is strong, so this earns near-full credit."
aedd999c-aeca-43e0-a1ff-f44de1667bde,cd6233ec-192e-449f-a012-129abfd7eaf7,44763eed-6502-4cd3-82dd-f8a5c538e67a,29,4,2,"[partial-low] The student captures the core intuition that as features grow, no two observations look alike (the uniqueness/distance-flattening idea) using a plain-language coin-vs-dice analogy. However, they do not name the curse of dimensionality, and the explanation stops at 'over-complexity of features' rather than connecting it to similarity/nearest-neighbor breaking down. This fits the partial-low tier: mechanism is partially there but the name is missing and the elaboration is shaky."
7aaa2b06-7bfe-45ae-88d8-dea1bb57ba31,cd6233ec-192e-449f-a012-129abfd7eaf7,667c7bd9-4b15-48b6-89fe-7ada3d7c570f,30,4,1.5,"[minimal] The student correctly identifies 'cheap mistakes' as a condition Spotify satisfies (wrong recommendation is uncostly), though they don't explicitly contrast with the high cost of bad loan decisions. The second 'condition' about categorical vs numerical recommendations is not one of the four course conditions and doesn't reflect the recommender-system framework. Credit is given for one condition named with light justification, but the second is off-target."
6785681f-5681-47dc-9fe4-223d11aa9a03,cd6233ec-192e-449f-a012-129abfd7eaf7,b0dd4e38-0fa5-4799-bf07-df61264a48f5,31,5,4,"[strong] The student correctly identifies the aggregate-vs-subgroup mismatch (high accuracy in some industries averaging down with poor performance in others) and requests the right diagnostic: accuracy broken down by job subcategory. However, they don't explicitly connect this to the shipping decision (i.e., that the action happens at the recruiter/subgroup level so the metric should match), so this lands at strong rather than full."
a74be143-1113-41d1-9078-a7f78fe88163,cd6233ec-192e-449f-a012-129abfd7eaf7,851e31ca-15ec-4b77-9358-e186b2031428,32,5,5,"[full] The student names Simpson's paradox explicitly, identifies the correct diagnostic move (comparing survival rates for similar/comparable procedures, recognizing B may handle harder cases), and articulates the risk that B may actually be as skilled or more skilled than A on equivalent cases — implying reassignment would be a mistake. All three rubric elements are present."
2550b1b5-67ac-4d55-ab57-d66b0b5a7f35,cd6233ec-192e-449f-a012-129abfd7eaf7,f8d39cba-5276-4ab6-883f-2a09616d2477,33,5,5,"[full] The student correctly answers 'lower than 0.5', identifies the 40x cost asymmetry, and connects this to the action of prioritizing reduction of false negatives. This satisfies all three components of the full-credit rubric: correct direction, cost asymmetry explanation, and reasoning tying threshold to cost."
6ac00ac5-083c-40a8-a662-95eba15901f6,cd6233ec-192e-449f-a012-129abfd7eaf7,eb99791e-8692-4dbd-b0bf-4c835a921c63,34,5,3.5,"[strong] The student clearly identifies the closed-loop feedback mechanism (recommend → listen → recommend same songs), which earns the core concept. They propose a mitigation (weighting by listening frequency to distinguish genuine preference from exposure-driven listening), which is a reasonable if somewhat indirect remedy. However, they don't explain why standard metrics still look good (the metric blindspot on the long tail), so they fall short of full credit but exceed the 'partial' tier."
ba269a5e-ccc8-46b7-82d6-c6a97fa1677f,e5ebc0fe-33b4-4fea-b289-8de3d0ac20fe,45c3ceae-f884-4741-912b-a2caf5ce30e1,21,4,1,"[minimal] The definition is vague ('the thing we focus on') and doesn't clearly tie to what one row represents. The example confuses unit of observation with variables/features (loan amount, gender of applicants are columns, not units), which is one of the flagged common wrong answers. Credit is given for being on the right track with 'the person who applied' as a possible unit, but the second 'unit' is not actually a different unit of observation."
3b4fbd23-f3d0-435c-93c8-2615030531cb,e5ebc0fe-33b4-4fea-b289-8de3d0ac20fe,5fcb1ea2-216d-4b43-8c45-6b8afa0b851f,22,4,2,"[partial-low] The student correctly identifies the selection mechanism—the model only learns from approved applicants and ignores the rest, narrowing the training data. However, they don't explain the compounding/feedback consequence over successive retrains (that bias gets worse over time as the data narrows further toward the model's existing preferences). This fits the partial-low tier: names the mechanism but misses the compounding consequence."
1633e9cd-1ae8-4a80-b56a-82bd643c34c0,e5ebc0fe-33b4-4fea-b289-8de3d0ac20fe,0cbd4c8c-8016-424c-8c37-945da6aacec8,23,4,2,"[partial-low] The student captures part of the insight — that conclusions can flip depending on how you slice or aggregate the data — which touches the Simpson's paradox angle. However, they don't unify all three phenomena (sign-flip and 'controlling for' aren't addressed) and don't articulate that this is one underlying operation about what's included in the model. This fits the partial-low tier."
3c999305-536b-40bd-895a-ec6c61be0360,e5ebc0fe-33b4-4fea-b289-8de3d0ac20fe,8e8f837b-b9d4-41ff-9c87-d39a139d8541,24,4,1,"[minimal] The student vaguely notes that training-attendance also impacts promotion, which is the 'training matters more than gender' level of engagement. They don't explain that the gender effect is mediated/absorbed by attendance, nor do they discuss what this means for the diagnosis (that bias may have shifted upstream rather than being at the promotion step). The first sentence is also somewhat garbled and doesn't engage with the diagnostic question."
cd737790-bcb0-412f-afcf-4ad8ed502a84,e5ebc0fe-33b4-4fea-b289-8de3d0ac20fe,59aea710-0446-4698-9f69-e90e69d11a15,25,4,0,"[none] The student reverses the definitions, explicitly stating 'Bias comes from the data; variance comes from the model,' which is the opposite of correct. No fixes are provided for either problem. Per the rubric, reversing the definitions warrants 0 points."
c0a0a09e-5a21-4cbb-ad76-b93f71ef5ce6,e5ebc0fe-33b4-4fea-b289-8de3d0ac20fe,bf20a1f1-55e5-4d0b-837a-b95220c19b35,26,4,1.5,"[partial-low] The student gestures at the idea that fitting one training example doesn't mean the model captured the general pattern (the example might be a special case), which is adjacent to the memorization-vs-generalization point. However, they don't articulate that multiple rules can fit the same data, and they make no connection to the train/test split or why a held-out sample is needed. This falls between minimal and partial-low."
c8e3e81e-0995-4eac-a9b9-478149938006,e5ebc0fe-33b4-4fea-b289-8de3d0ac20fe,6071629d-df03-49a2-b4cc-ad2591f60310,27,4,1,"[minimal] The student defines residuals as the gap between predictions and reality and frames them as a measure of model accuracy, which is the 'leftover error' framing. They do not engage with the key idea that residuals can themselves be the variable of interest (capturing something unmeasurable like celebrity appeal). The house-pricing example just restates the definition rather than showing residuals as a constructed quantity of interest."
aa322167-1a9d-4343-88ed-70163f63a950,e5ebc0fe-33b4-4fea-b289-8de3d0ac20fe,e1ee87df-b151-4757-8f10-071290f018df,28,4,0.5,"[minimal] The student appears to be defining recall (40% of actual churners flagged) but doesn't actually answer when to prefer recall vs precision, gives no business examples for either side, and the response is incomplete/cut off. There's a hint of understanding what recall measures, but no framing of cost-of-miss vs cost-of-false-alarm and no concrete examples, so this falls below even the minimal tier."
356025e8-8a25-4607-a387-19ef3cfbd217,e5ebc0fe-33b4-4fea-b289-8de3d0ac20fe,44763eed-6502-4cd3-82dd-f8a5c538e67a,29,4,3.5,[full] The student correctly identifies the mechanism: adding features makes every customer unique and hard to match on shared features. They name it 'Dimension problems' which is close to but not exactly 'curse of dimensionality' — the concept is clearly understood even if the precise term is imprecise. I'm awarding 3.5 to reward the solid mechanism while slightly docking for the imprecise naming.
62b4391b-891e-46c3-936e-c8b7ea115f1a,e5ebc0fe-33b4-4fea-b289-8de3d0ac20fe,667c7bd9-4b15-48b6-89fe-7ada3d7c570f,30,4,2,"[partial-low] The student correctly identifies the 'cheap mistakes' condition with a clear contrast (loan errors are very costly, implying Spotify's are not). The second point about Spotify combining 'lots of metrics' is vague and doesn't clearly map to latent taste, dense interactions, or vast catalog, nor does it contrast with loans. So one condition is named and justified well, the second is named weakly without a clear contrast."
0c98cf43-9da1-4d70-8f44-3c9b3bd8c469,e5ebc0fe-33b4-4fea-b289-8de3d0ac20fe,b0dd4e38-0fa5-4799-bf07-df61264a48f5,31,5,2,"[partial-low] The student recognizes that the 73% is overall while the recruiter's experience is more specific, which gestures at the aggregate-vs-subgroup distinction but doesn't clearly name the unit-of-analysis mismatch. Critically, they do NOT request the right diagnostic information — instead of asking for a subgroup performance breakdown (by job category, seniority, etc.), they ask about the cost of wrong recommendations, which is a different question entirely. This earns partial-low credit for sensing that subgroups can differ but missing the right diagnostic move."
343d04c3-ec61-400d-84a6-f115b5be6040,e5ebc0fe-33b4-4fea-b289-8de3d0ac20fe,851e31ca-15ec-4b77-9358-e186b2031428,32,5,4.5,"[strong-plus] The student correctly identifies the case-mix mechanism in plain language: Doctor B may be treating severe cases (making 75% impressive) while Doctor A treats easier cases. They ask the right diagnostic question (what causes the difference) and articulate the mechanism well. They don't explicitly name Simpson's paradox or state the consequence (removing the best critical-case doctor), but the reasoning clearly implies B is likely the better doctor for severe cases. Strong answer between tiers 4 and 5."
0bfd1046-d7b8-4434-9b9f-cf8ee3953649,e5ebc0fe-33b4-4fea-b289-8de3d0ac20fe,f8d39cba-5276-4ab6-883f-2a09616d2477,33,5,4,"[strong] The student correctly answers 'lower than 0.5' and identifies the cost asymmetry between false positives and false negatives, concluding the bank should focus on reducing false negatives. However, the explanation doesn't quantify the asymmetry (40x) or clearly connect how lowering the threshold leads to flagging more cases. This matches the 'strong' tier: correct direction and asymmetry noted, but abbreviated reasoning."
f998be66-cf54-4fa7-8962-980c9fd808db,e5ebc0fe-33b4-4fea-b289-8de3d0ac20fe,eb99791e-8692-4dbd-b0bf-4c835a921c63,34,5,2,"[partial-low] The student gestures at a feedback-like idea (the model keeps using historical data) but doesn't clearly articulate the closed-loop mechanism where the model's own recommendations shape future training data, causing popular items to compound. The mitigation ('input new data') is vague and doesn't name exploration, diversity injection, or coverage monitoring. There's also no mention of why standard metrics still look good. This fits partial-low: vaguely describes a feedback effect with a weak mitigation."
00d37c45-838b-4179-a215-ff078c5caab9,f26faab0-bc41-4968-8e30-3eca2745cac0,45c3ceae-f884-4741-912b-a2caf5ce30e1,21,4,2,"[partial-low] The definition is correct — the student identifies the unit of observation as what each row represents. However, the example only names possible single units (a person, a car) rather than showing how the same dataset could support two different units of observation. Per the rubric, a correct definition with a vague/single-unit example earns partial-low credit."
6f2b249c-53f7-4e73-90e8-c3435f50caf7,f26faab0-bc41-4968-8e30-3eca2745cac0,5fcb1ea2-216d-4b43-8c45-6b8afa0b851f,22,4,2.5,"[partial] The student correctly identifies the selection mechanism: the bank only uses data from approved applicants and rejected applicants are not analyzed. However, the answer is vague about the compounding consequence over successive retrains — it says bias happens 'over time' but doesn't explain how the training data narrows or how bias progressively worsens. This sits between partial-low and partial; I'm awarding 2.5 since the mechanism is named clearly but the compounding feedback dynamic is only weakly implied."
ea1561ee-8e6c-4adb-b8e3-04b1fceeadf4,f26faab0-bc41-4968-8e30-3eca2745cac0,0cbd4c8c-8016-424c-8c37-945da6aacec8,23,4,0,"[none] The student's answer is just 'theI', which is not a substantive response. It contains no identification of the core insight, no mention of any of the three phenomena, and no articulation of the underlying operation. No credit can be awarded."
b6257099-42ca-472c-821d-8ff6457e0316,f26faab0-bc41-4968-8e30-3eca2745cac0,8e8f837b-b9d4-41ff-9c87-d39a139d8541,24,4,1,"[minimal] The student vaguely notes that gender alone isn't enough and more variables are needed, but doesn't engage with the actual diagnosis question — they don't mention training attendance specifically, don't explain that the gender effect is absorbed/mediated by it, and don't address what this means for the 'gender bias' claim. This matches the 'minimal' tier of acknowledging that other factors matter without engaging with the diagnosis."
a0f2452d-9942-40a5-a3b9-6b19ca11b95f,f26faab0-bc41-4968-8e30-3eca2745cac0,59aea710-0446-4698-9f69-e90e69d11a15,25,4,1.5,"[minimal] The student's first attempt at definitions is vague and somewhat conflates the two concepts ('accuracy between training and test' is not quite right for bias). They then drop in the correct buzzwords 'specification problem' and 'sample sensitivity' but provide no elaboration showing understanding, and critically they offer NO fixes for either bias or variance. Per the rubric, missing both fixes and having shaky definitions puts this between minimal (1) and partial-low (2)."
331a95f9-653c-47bb-9366-5def95167951,f26faab0-bc41-4968-8e30-3eca2745cac0,bf20a1f1-55e5-4d0b-837a-b95220c19b35,26,4,1,"[minimal] The student gestures at the idea that training fit doesn't guarantee test performance, but their explanation conflates this with selection bias (the hospital example is about training data being filtered, not about multiple rules fitting the same data). They don't articulate the memorization-vs-generalization idea, nor do they explain what the test set actually reveals. Credit is minimal for recognizing that training fit alone isn't enough."
30c7bf54-7c8b-4d8c-bce8-430ce1c8d493,f26faab0-bc41-4968-8e30-3eca2745cac0,6071629d-df03-49a2-b4cc-ad2591f60310,27,4,2,"[partial-low] The student grasps the conceptual point that residuals contain 'special' information beyond what coefficients capture — this shows understanding that residuals carry signal, not just noise. However, the answer is vague ('special situations') and provides no concrete example like the soccer auction celebrity appeal or analogous case. Without an example and with only loose articulation of why the leftover is interesting, this lands at partial-low rather than partial."
3aae167e-9637-4d0c-b2f0-b61da6ffdb2d,f26faab0-bc41-4968-8e30-3eca2745cac0,e1ee87df-b151-4757-8f10-071290f018df,28,4,0,"[none] The student's answer does not engage with the cost-of-miss vs cost-of-false-alarm trade-off at all. There is no example given for either side, and the stated criterion ('when I have enough professional information') is not a coherent framing of when recall or precision matters. This fails to define the concepts or connect them to business contexts."
aaa27ed4-e28e-4bfa-851b-b2f815b15fd2,f26faab0-bc41-4968-8e30-3eca2745cac0,44763eed-6502-4cd3-82dd-f8a5c538e67a,29,4,1.5,"[minimal] The student gestures at the right intuition (similarity weakens as dimensions grow) but doesn't explain the mechanism — that distances between points flatten and every observation becomes unique. They also fail to name the curse of dimensionality. It's slightly more than 'minimal' because they correctly identify that similarity itself degrades, not just that there are 'too many features,' but it lacks the depth for partial-low (2)."
f58e36b9-c4e8-4084-9af5-5b206fb4401d,f26faab0-bc41-4968-8e30-3eca2745cac0,667c7bd9-4b15-48b6-89fe-7ada3d7c570f,30,4,0,"[none] The student's answer 'Niche part and general recommendation' does not name any of the four conditions (latent taste, dense interactions, vast catalog, cheap mistakes) nor explain any contrast between Spotify and loan approval. The response is too vague to demonstrate understanding of the recommender system conditions covered in class."
fc5bf5f5-e91f-4584-865c-5917de0a0d8d,f26faab0-bc41-4968-8e30-3eca2745cac0,b0dd4e38-0fa5-4799-bf07-df61264a48f5,31,5,0,"[none] The student's answer misinterprets the question as being about selection bias / data coverage (engagement levels) rather than the unit-of-analysis mismatch between platform-wide accuracy and subgroup (engineering jobs) accuracy. They do not recognize that both claims can be true simultaneously due to uneven performance across job categories, nor do they request a subgroup performance breakdown. This matches the 'none' tier."
3ae7d91d-a8d7-4e1e-875d-3730df007382,f26faab0-bc41-4968-8e30-3eca2745cac0,851e31ca-15ec-4b77-9358-e186b2031428,32,5,3,"[partial] The student asks the right diagnostic question about case severity ('how's the serious level for these patients'), which gets at the case-mix issue. However, they don't explicitly articulate Simpson's paradox or the mechanism by which the aggregate could reverse, nor do they state the risk that reassigning critical cases could remove the best critical-case doctor. The sample-size question is secondary. This fits the 'partial' tier at 3 points."
608aa77f-6280-4dc2-95d6-ec778db23d7d,f26faab0-bc41-4968-8e30-3eca2745cac0,f8d39cba-5276-4ab6-883f-2a09616d2477,33,5,0,"[none] The student selected 'exactly 0.5 because that's the standard convention,' which is precisely the trap the question warns against. There is no engagement with the cost asymmetry between false positives ($20) and false negatives ($800), and no reasoning connecting threshold to expected cost. Per the rubric, this answer earns 0 points."
59594296-4b98-4ae2-9e80-4c41badee32d,f26faab0-bc41-4968-8e30-3eca2745cac0,eb99791e-8692-4dbd-b0bf-4c835a921c63,34,5,1,"[minimal] The student gestures at popular vs. niche but doesn't articulate the feedback/closed-loop mechanism (where surfaced items get more interactions which reinforces their ranking), doesn't explain why standard metrics still look good, and offers no mitigation. This matches the 'minimal' tier: notes popularity dominance without the loop or metric-blindspot insight."
95ed49ee-c6cd-43ed-8b81-5cbef850dfa0,f75e4795-61f9-4af3-8d55-971528627d4d,45c3ceae-f884-4741-912b-a2caf5ce30e1,21,4,4,"[full] The student clearly defines unit of observation as 'what each row in the dataset represents,' which matches the rubric's full-credit definition. The example contrasts two valid units (customer vs. transaction) derivable from the same sales dataset, parallel to the event-vs-candidate example in the model answer. Both pieces of the 2+2 rubric are satisfied."
e8205e0b-ef60-45b9-8025-f837918192dc,f75e4795-61f9-4af3-8d55-971528627d4d,5fcb1ea2-216d-4b43-8c45-6b8afa0b851f,22,4,3,"[partial] The student correctly identifies the feedback loop mechanism (model only learns from approved applicants, not rejected ones) and notes that bias compounds over time as the pattern repeats. However, the explanation of the consequence is somewhat thin — it doesn't fully articulate why training data narrows or how the model becomes blinder to rejected applicants. Solid grasp of the core idea but lacks elaboration, fitting the 'partial' tier."
133b5902-581d-4e74-a819-ab0dd92ef55a,f75e4795-61f9-4af3-8d55-971528627d4d,0cbd4c8c-8016-424c-8c37-945da6aacec8,23,4,2,"[partial-low] The student captures part of the lesson — that a simple relationship can mislead when another variable is mixed in, and that controlling for it reveals a different picture. However, they don't unify all three phenomena (Simpson's, sign-flip, controlling for) as facets of the same operation, nor do they articulate that the conclusion is conditional on the specification/level of analysis. The answer also leans slightly toward the 'just control for confounders' framing rather than the more subtle 'depends on what's in the model' insight."
e55c6de4-d864-4294-b67e-978d67ead588,f75e4795-61f9-4af3-8d55-971528627d4d,8e8f837b-b9d4-41ff-9c87-d39a139d8541,24,4,3,"[partial] The student correctly identifies that the gender gap disappears once training attendance is controlled for and that the gap is more about attendance than gender itself. However, they don't take the next step to note where the diagnosis/remedy should shift — i.e., that the issue may live upstream in what drives attendance differences rather than at the promotion decision. This matches the 'partial' tier at 3 points."
9c63018d-002a-40ed-9b07-98575612b268,f75e4795-61f9-4af3-8d55-971528627d4d,59aea710-0446-4698-9f69-e90e69d11a15,25,4,4,"[full] The student correctly defines bias as a specification problem ('model is too simple/wrong') and variance as sample-sensitivity ('overfits training data'). They provide a valid fix for each: adding variables/better model for bias, and simplifying or more data for variance. Concise but hits all rubric requirements for full credit."
1edbe908-f062-4ae6-8e0d-72b40bfa03f5,f75e4795-61f9-4af3-8d55-971528627d4d,bf20a1f1-55e5-4d0b-837a-b95220c19b35,26,4,4,"[full] The student clearly distinguishes memorization from learning the real pattern (covering the multiple-rules-fit-same-data idea in plain language) and connects this directly to the train/test split as the diagnostic: poor test performance reveals overfitting. Both rubric pieces are present, even if briefly stated."
f532d4b2-7647-4b9a-ac9b-489fb97ccc14,f75e4795-61f9-4af3-8d55-971528627d4d,6071629d-df03-49a2-b4cc-ad2591f60310,27,4,4,[full] The student clearly states the conceptual point: residuals reveal hidden factors the model can't directly measure. The salary example is concrete and analogous to the soccer/cricket auction case — using the residual to construct an unmeasurable like negotiation skill or special experience. This matches the 'construct an unmeasurable from observed patterns' standard for full credit.
ea20054c-12cc-4bc7-a598-dac024cbee12,f75e4795-61f9-4af3-8d55-971528627d4d,e1ee87df-b151-4757-8f10-071290f018df,28,4,4,"[full] The student correctly frames both sides: high recall when missing positives is costly, high precision when false alarms are costly. Each side has a concrete, plausible business example (fraud detection for recall, expensive churn coupons for precision). This meets the full-credit rubric criteria."
f44b41de-e5a7-44ce-8dff-f5c1368cd458,f75e4795-61f9-4af3-8d55-971528627d4d,44763eed-6502-4cd3-82dd-f8a5c538e67a,29,4,4,"[full] The student captures the core mechanism in plain language: with many features, customers spread out and no one is truly 'close,' which is the distance-flattening intuition. They also correctly name the curse of dimensionality. Both rubric requirements for full credit are met."
91fa11ee-4ba4-475b-a811-a7cad7a1f145,f75e4795-61f9-4af3-8d55-971528627d4d,667c7bd9-4b15-48b6-89fe-7ada3d7c570f,30,4,4,[full] The student names two conditions (dense interactions — 'many repeated choices from the same users' vs few loan decisions; and cheap mistakes — skip vs financial harm) and explicitly contrasts Spotify with loans for both. Plain-language phrasing is acceptable per the rubric.
ce0950c9-d69a-479e-9a41-24a17f5ec02d,f75e4795-61f9-4af3-8d55-971528627d4d,b0dd4e38-0fa5-4799-bf07-df61264a48f5,31,5,4,"[strong] The student clearly identifies the aggregate-vs-subgroup mismatch ('overall accuracy can hide subgroup performance') and requests the right diagnostic (accuracy broken down by job category, especially engineering). However, they don't explicitly connect this to the shipping decision — i.e., that the metric should match the unit at which the action is taken. This fits the 'strong' tier at 4 points."
b4968602-63e9-4805-8a9d-8688649f72a9,f75e4795-61f9-4af3-8d55-971528627d4d,851e31ca-15ec-4b77-9358-e186b2031428,32,5,4.5,"[full] The student correctly names Simpson's paradox/confounding, asks the right diagnostic question (case severity breakdown), and explains the mechanism (B may handle harder cases). They don't explicitly state the consequence — that reassigning could remove the best critical-case doctor — so I'm deducting half a point for that missing piece, but the answer is otherwise complete and accurate."
69d3631b-9565-4949-8b16-fad4249afb0f,f75e4795-61f9-4af3-8d55-971528627d4d,f8d39cba-5276-4ab6-883f-2a09616d2477,33,5,5,"[full] The student correctly answers 'lower than 0.5', explains the cost asymmetry (FN much more expensive than FP), and ties the threshold directly to the action (flag more transactions). The reasoning is clear and complete, meeting the full credit criteria."
eeb6f8c0-555e-49ea-bac5-e8490db1a5f8,f75e4795-61f9-4af3-8d55-971528627d4d,eb99791e-8692-4dbd-b0bf-4c835a921c63,34,5,4,"[strong] The student clearly identifies the feedback/popularity loop mechanism and proposes a reasonable mitigation (exploration with new/unusual songs). However, they don't address why standard metrics still look good (the metric blindspot on the long tail). This matches the 'strong' tier: mechanism + mitigation but no metric explanation."
1b340af0-d935-445a-80d7-fe8cd2618218,ff3d92c2-eba8-49a4-b56e-0b4c8cbd2f08,45c3ceae-f884-4741-912b-a2caf5ce30e1,21,4,1.5,"[minimal] The student gives a roughly correct but truncated definition ('what one row in the dataset' — missing 'represents' but the idea is there). However, no example is provided of two different units from the same dataset, which is half the question. This falls between minimal (definition vague, no example) and partial-low, so I award 1.5 points."
1cee3237-b334-43b3-b7d7-af8d866d58dc,ff3d92c2-eba8-49a4-b56e-0b4c8cbd2f08,5fcb1ea2-216d-4b43-8c45-6b8afa0b851f,22,4,3,"[partial] The student correctly identifies the feedback mechanism (model only learns from approved applicants, rejected ones are ignored) and notes the consequence (data becomes less representative, model more biased). However, the explanation of the compounding/progressive nature over successive retrains is vague — they don't clearly articulate how bias snowballs over time. Solid grasp of the core concept but missing the depth on the compounding piece for full credit."
977a2b63-a461-4fdb-8e1e-ceb2c84894fc,ff3d92c2-eba8-49a4-b56e-0b4c8cbd2f08,0cbd4c8c-8016-424c-8c37-945da6aacec8,23,4,3,"[partial] The student captures the core insight that conclusions change depending on how data is viewed or which variables are included — this is the 'depends on the model' lesson. However, the answer is very brief and doesn't explicitly unify all three phenomena (Simpson's, sign-flip, controlling for) as facets of the same operation. It earns partial credit for getting the central idea but lacking elaboration."
4576f2e8-5496-4627-b011-de6087e5fcf3,ff3d92c2-eba8-49a4-b56e-0b4c8cbd2f08,8e8f837b-b9d4-41ff-9c87-d39a139d8541,24,4,1.5,"[minimal] The student gestures at the right idea — that training attendance, not gender itself, is driving the apparent gap — but the phrasing is confused ('there is gender bias in promotions because training attendance') and doesn't clearly articulate what this means for the diagnosis. There's no mention of the remedy shifting upstream to attendance, nor a clear statement that promotions don't depend on gender once attendance is controlled. It's slightly more than 'training matters more than gender' but falls short of the partial-low tier's clearer statement that the gap disappears."
f8d4a43d-c7f7-42f0-9676-7ad888f1c4fc,ff3d92c2-eba8-49a4-b56e-0b4c8cbd2f08,59aea710-0446-4698-9f69-e90e69d11a15,25,4,4,"[full] Student correctly defines bias as the model learning the wrong relationship (specification error) and variance as overfitting the data (sample-sensitivity). They provide a correct fix for each: adding the right variable for bias, and more data for variance. Despite typos and brevity, all four rubric elements are present."
1e20e23b-ad67-42c7-8de9-61e09d113f2d,ff3d92c2-eba8-49a4-b56e-0b4c8cbd2f08,bf20a1f1-55e5-4d0b-837a-b95220c19b35,26,4,2,"[partial-low] The student correctly identifies the memorization-vs-learning distinction, which is the core concept. However, they don't connect this to the train/test split at all — there's no mention of why a held-out test set exposes the difference. Per the rubric, noting the issue without tying it to the train/test split earns partial-low credit."
5d9f9fb8-3728-4c43-ba0f-a1ab5d94554f,ff3d92c2-eba8-49a4-b56e-0b4c8cbd2f08,6071629d-df03-49a2-b4cc-ad2591f60310,27,4,4,"[full] The student articulates the conceptual point that residuals can reveal hidden factors the model cannot directly measure, which captures the 'unmeasurable made measurable' idea. They also provide the concrete soccer/sports auction example with celebrity appeal as the residual after performance is explained. Despite brevity and minor typos, both rubric components are present."
dfff2812-0296-4021-9e1b-ada10d3ac716,ff3d92c2-eba8-49a4-b56e-0b4c8cbd2f08,e1ee87df-b151-4757-8f10-071290f018df,28,4,0,"[none] The student's answer contains only the question prompts repeated as headers with no actual content. There is no framing of when to prefer recall vs precision, no examples, and no demonstration of understanding the trade-off."
9f58bd1b-95a5-4d7a-8e13-77f97def035c,ff3d92c2-eba8-49a4-b56e-0b4c8cbd2f08,44763eed-6502-4cd3-82dd-f8a5c538e67a,29,4,2,"[partial-low] The student captures part of the mechanism — every customer becomes unique and similarity is hard to measure — which is the core distance-flattening intuition in plain language. However, they do not name the curse of dimensionality, and the explanation is quite brief without elaboration on why distances flatten as features grow. This fits the partial-low tier: mechanism present but thin, and the name is missing."
069c5888-af70-4a5e-85c9-47f1efd9d67f,ff3d92c2-eba8-49a4-b56e-0b4c8cbd2f08,667c7bd9-4b15-48b6-89fe-7ada3d7c570f,30,4,4,"[full] The student names two valid conditions: dense interactions ('user interactions') and cheap mistakes ('mistakes are cheap because people can easily skip songs'). They contrast both with loans by noting loan approvals are costly and don't have the same interaction pattern. The explanation is brief but captures the contrast for both conditions, meeting the full-credit bar."
01eef78e-4720-4c73-9ed6-458472b22012,ff3d92c2-eba8-49a4-b56e-0b4c8cbd2f08,b0dd4e38-0fa5-4799-bf07-df61264a48f5,31,5,2,"[partial-low] The student correctly identifies that both can be right because the platform average can hide subgroup performance, which shows partial understanding of the aggregate vs subgroup issue. However, they don't explicitly request a specific piece of additional information (subgroup breakdown by job category), don't frame this as a unit-of-analysis mismatch, and don't connect it to the shipping decision. The answer is too brief to earn the partial (3) tier's full credit."
24783906-7f33-4977-841c-75cbc915da3d,ff3d92c2-eba8-49a4-b56e-0b4c8cbd2f08,851e31ca-15ec-4b77-9358-e186b2031428,32,5,0,"[none] The student's answer does not engage with the diagnostic question or the case-mix mechanism. It simply predicts Doctor A's survival rate will decrease, with no mention of Simpson's paradox, case severity, or the risk of reassigning cases away from B. There is no analytical move to credit."
a90d5cbd-c757-499d-9bb8-1c84c6f6e687,ff3d92c2-eba8-49a4-b56e-0b4c8cbd2f08,f8d39cba-5276-4ab6-883f-2a09616d2477,33,5,0,"[none] The student says 'higher than 0.5,' which is the reversed direction per the rubric. There is no reasoning provided to salvage partial credit — the answer is cut off after 'because.' Per the rubric, reversed direction zeros out unless the rest of the reasoning salvages partial credit."
520f02a5-456e-4fa0-b668-f44c7af2d080,ff3d92c2-eba8-49a4-b56e-0b4c8cbd2f08,eb99791e-8692-4dbd-b0bf-4c835a921c63,34,5,2,"[partial-low] The student names the popularity loop mechanism and gestures at the feedback effect (more interaction → more recommendations). However, they don't explain why standard metrics still look good, and they offer no mitigation. Per the rubric, naming the mechanism without mitigation or metric explanation falls in the partial-low range."
